"date","year","month","mhw_period","ci","n_days","ci_anom","beuti","beuti_anom","beuti_anom_lag3","chla","chla_anom","sst","sst_anom","mld","mld_anom","mld_anom_lag5"
2017-01-01,2017,1,"Before MHW",1.00577003488059,31,0.00251175075300547,0.455,-0.25035,NA,0.744852543,-0.18507696095,14.6416816711426,0.301279640197754,53.940673828125,11.625871181488,NA
2017-02-01,2017,2,"Before MHW",1.00070244882519,28,-0.00202122406636329,1.065,-1.05475,NA,0.721874177,-0.3467749432,14.1659259796143,0.097140979766845,55.466552734375,10.9366959571838,NA
2017-03-01,2017,3,"Before MHW",1.00212444080093,31,-0.000454779043734366,3.465,-0.7376,NA,1.08497405,-0.3740287237,14.5667133331299,0.554102897644043,46.31103515625,3.86734914779663,NA
2017-04-01,2017,4,"Before MHW",1.00655343799545,30,0.00189103690920644,9.74,0.545949999999999,-0.25035,2.14201856,0.33341275215,14.7621374130249,0.678031349182129,38.52880859375,2.43235244750976,NA
2017-05-01,2017,5,"Before MHW",1.00672156796996,31,0.00343681476804458,9.801,1.6746,-1.05475,1.41086292,0.0485066386499999,14.9365386962891,0.237232542037964,31.35693359375,5.5846743106842,NA
2017-06-01,2017,6,"Before MHW",1.00257631062178,30,-0.00597232665765546,7.675,2.4508,-0.7376,0.618702769,-0.10716728365,15.9088668823242,0.268333339691162,17.9287109375,1.5824376821518,11.625871181488
2017-07-01,2017,7,"Before MHW",1.01055343732782,30,-0.00960096742402095,2.656,0.4871,0.545949999999999,0.406544685,-0.12372020115,17.6091194152832,0.534944438934325,11.67236328125,0.727405261993407,10.9366959571838
2017-08-01,2017,8,"Before MHW",1.03513990524958,31,0.00300325803280277,1.191,-0.1992,1.6746,0.478192657,0.0173139227,18.8245716094971,0.948142528533936,10.299072265625,-1.61654870510101,3.86734914779663
2017-09-01,2017,9,"Before MHW",1.04136837169406,30,0.0102967970751828,0.607,-0.05365,2.4508,0.464877635,-0.0896220246,18.9211864471436,0.895351219177247,13.503662109375,-0.113160562515258,2.43235244750976
2017-10-01,2017,10,"Before MHW",1.03101834675717,31,0.00866579388030742,0.275,-0.10495,0.4871,0.356931955,-0.34180847845,17.7239246368408,0.227665042877199,18.5390625,0.685805320739746,5.5846743106842
2017-11-01,2017,11,"Before MHW",1.02633541942267,20,0.0112696293976864,0.115,-0.3266,-0.1992,0.624364913,-0.19873467085,16.8555679321289,0.452064132690431,27.5419921875,1.38092374801636,1.5824376821518
2017-12-01,2017,12,"Before MHW",NA,NA,NA,-0.019,-0.64915,-0.05365,0.780782342,-0.0616459341000001,15.8095254898071,0.736999082565308,36.850341796875,1.2279670715332,0.727405261993407
2018-01-01,2018,1,"Before MHW",1.00676439782433,15,0.00350611369674469,0.804,0.09865,-0.10495,0.897599578,-0.0323299259499999,15.662446975708,1.32204494476318,37.460693359375,-4.85410928726196,-1.61654870510101
2018-02-01,2018,2,"Before MHW",1.0020145175345,28,-0.000709155357049518,1.911,-0.20875,-0.3266,0.689380765,-0.3792683552,14.8091011047363,0.740316104888915,47.53173828125,3.00188150405884,-0.113160562515258
2018-03-01,2018,3,"Before MHW",1.00532990763236,31,0.00275068778768994,2.557,-1.6456,-0.64915,0.955615461,-0.5033873127,14.4995527267456,0.486942291259766,49.820556640625,7.37687063217163,0.685805320739746
2018-04-01,2018,4,"Before MHW",1.00647637887183,30,0.00181397778558412,11.26,2.06595,0.09865,3.45232272,1.64371691215,14.5088129043579,0.424706840515137,45.853271484375,9.75681533813476,1.38092374801636
2018-05-01,2018,5,"Before MHW",1.00584409431759,31,0.00255934111567524,9.829,1.7026,-0.20875,0.609254539,-0.75310174235,14.741114616394,0.041808462142944,34.561279296875,8.7890200138092,1.2279670715332
2018-06-01,2018,6,"Before MHW",1.00636385187947,30,-0.00218478539995726,7.352,2.1278,-1.6456,0.53245002,-0.19342003265,15.4540576934814,-0.186475849151611,19.1494140625,2.8031408071518,-4.85410928726196
2018-07-01,2018,7,"Before MHW",1.02537634661191,31,0.00522194186006919,2.906,0.7371,2.06595,1.06390452,0.53363963385,17.8067226409912,0.732547664642333,8.92578125,-2.01917676925659,3.00188150405884
2018-08-01,2018,8,"Before MHW",1.02458093646951,31,-0.00755571074727435,0.854,-0.5362,1.7026,0.46196118,0.00108244570000005,18.9872608184814,1.11083173751831,9.078369140625,-2.83725183010101,7.37687063217163
2018-09-01,2018,9,"Before MHW",1.02836318339143,30,-0.00270839122745237,0.375,-0.28565,2.1278,0.855270147,0.3007704874,17.9348182678223,-0.0910169601440423,17.01318359375,3.39636092185974,9.75681533813476
2018-10-01,2018,10,"Before MHW",1.03114267786658,31,0.00879012498971266,0.065,-0.31495,0.7371,0.351287246,-0.34745318745,18.0346240997314,0.538364505767824,18.691650390625,0.838393211364746,8.7890200138092
2018-11-01,2018,11,"Before MHW",1.02723475403945,28,0.0121689640144653,0.009,-0.4326,-0.5362,0.407158226,-0.41594135785,17.4239025115967,1.0203987121582,25.863525390625,-0.297543048858643,2.8031408071518
2018-12-01,2018,12,"Before MHW",1.00759195390705,31,-0.00172671867865759,0.527,-0.10315,-0.28565,0.644792795,-0.1976354811,16.1061992645264,1.03367285728455,34.561279296875,-1.0610954284668,-2.01917676925659
2019-01-01,2019,1,"Before MHW",1.00685976730805,31,0.00360148318046893,-0.022,-0.72735,-0.31495,0.660122931,-0.26980657295,15.0174465179443,0.677044486999511,46.92138671875,4.60658407211304,-2.83725183010101
2019-02-01,2019,2,"Before MHW",1.00480935852569,28,0.00208568563413558,1.873,-0.24675,-0.4326,1.2138375,0.1451883798,14.2588376998901,0.190052700042724,58.36572265625,13.8358658790588,3.39636092185974
2019-03-01,2019,3,"Before MHW",1.0045663074541,31,0.00198708760943189,3.248,-0.9546,-0.10315,1.02322543,-0.4357773437,14.1970405578613,0.184430122375488,55.771728515625,13.3280425071716,0.838393211364746
2019-04-01,2019,4,"Before MHW",1.00627556445672,30,0.00161316337047634,5.17,-4.02405,-0.72735,1.15005422,-0.65855158785,14.6271915435791,0.543085479736328,36.239990234375,0.143534088134764,-0.297543048858643
2019-05-01,2019,5,"Before MHW",1.00544617405416,31,0.0021614208522438,4.732,-3.3944,-0.24675,2.2809248,0.91856851865,15.1870288848877,0.487722730636596,25.7109375,-0.0613217830657966,-1.0610954284668
2019-06-01,2019,6,"During MHW",1.00888134044189,30,0.000332703162458259,2.585,-2.6392,-0.9546,0.851711154,0.12584110135,16.1784210205078,0.537887477874756,13.198486328125,-3.1477869272232,4.60658407211304
2019-07-01,2019,7,"During MHW",1.01350664715637,30,-0.00664775759546976,4.001,1.8321,-4.02405,0.736964166,0.20669927985,16.8657550811768,-0.208419895172121,14.2666015625,3.32164354324341,13.8358658790588
2019-08-01,2019,8,"During MHW",1.01316638607476,30,-0.0189702611420153,2.209,0.8188,-3.3944,1.41930616,0.9584274257,17.8845405578613,0.00811147689819336,15.4873046875,3.57168371677399,13.3280425071716
2019-09-01,2019,9,"During MHW",1.0070918422418,30,-0.0239797323770854,0.895,0.23435,-2.6392,0.884135008,0.3296353484,18.9701976776123,0.944362449645997,15.18212890625,1.56530623435974,0.143534088134764
2019-10-01,2019,10,"During MHW",1.01070209102415,31,-0.0116504618527169,0.351,-0.02895,1.8321,1.01950729,0.32076685655,17.5038089752197,0.00754938125610494,21.13330078125,3.28004360198975,-0.0613217830657966
2019-11-01,2019,11,"During MHW",1.01512369984559,30,5.79098206026085e-05,0.099,-0.3426,0.8188,0.564531147,-0.25856843685,16.4218826293945,0.0183788299560561,28.6103515625,2.44928312301636,-3.1477869272232
2019-12-01,2019,12,"During MHW",1.01411732432017,31,0.00479865173446403,0,-0.63015,0.23435,1.04153824,0.1991099639,15.4343280792236,0.361801671981812,37.61328125,1.9909065246582,3.32164354324341
2020-01-01,2020,1,"During MHW",0.992476882689523,30,-0.0107814014380614,1.559,0.85365,-0.02895,0.577193797,-0.35273570695,14.6121673583984,0.271765327453613,42.49609375,0.181291103363037,3.57168371677399
2020-02-01,2020,2,"During MHW",1.00847382903295,28,0.00575015614139307,0.949,-1.17075,-0.3426,0.451889247,-0.6167598732,14.0892601013184,0.0204751014709466,37.0029296875,-7.52692708969116,1.56530623435974
2020-03-01,2020,3,"During MHW",1.00061746229034,31,-0.00196175755432715,0.748,-3.4546,-0.63015,0.479104161,-0.9798986127,14.0830307006836,0.0704202651977539,36.392578125,-6.05110788345337,3.28004360198975
2020-04-01,2020,4,"During MHW",1.00599657128466,30,0.00133417019840776,4.324,-4.87005,0.85365,0.816647291,-0.99195851685,14.2362642288208,0.152158164978028,27.847412109375,-8.24904403686524,2.44928312301636
2020-05-01,2020,5,"During MHW",0.997957568779325,31,-0.00532718442258984,7.407,-0.7194,-1.17075,0.781436443,-0.58091983835,15.6783123016357,0.979006147384643,18.081298828125,-7.6909604549408,1.9909065246582
2020-06-01,2020,6,"After MHW",1.00171479945291,30,-0.00683383782652003,3.57,-1.6542,-3.4546,1.01567209,0.28980203735,16.3733978271484,0.732864284515381,15.639892578125,-0.706380677223205,0.181291103363037
2020-07-01,2020,7,"After MHW",1.01163700276511,30,-0.00851740198672513,2.035,-0.1339,-4.87005,1.0887295,0.55846461385,17.2178821563721,0.143707180023192,10.45166015625,-0.493297863006593,-7.52692708969116
2020-08-01,2020,8,"After MHW",1.04287635261225,31,0.010739705395475,2.548,1.1578,-0.7194,0.663292229,0.2024134947,17.7208309173584,-0.155598163604736,9.9680004119873,-1.94762055873871,-6.05110788345337
2020-09-01,2020,9,"After MHW",1.04691498736935,30,0.0158434127504712,0.388,-0.27265,-1.6542,0.821286976,0.2667873164,18.7847709655762,0.758935737609864,13.2030000686646,-0.413822603225707,-8.24904403686524
2020-10-01,2020,10,"After MHW",1.02264510816823,30,0.000292555291367513,0.06,-0.31995,-0.1339,0.907509983,0.20876954955,18.6845264434814,1.18826684951782,16.3859996795654,-1.46725749969482,-7.6909604549408
2020-11-01,2020,11,"After MHW",1.00579304223148,30,-0.00927274779350684,1.122,0.6804,1.1578,1.47543454,0.65233495615,16.0816192626953,-0.321884536743163,26.32200050354,0.160932064056396,-0.706380677223205
2020-12-01,2020,12,"After MHW",1.01471744476724,29,0.00539877218154006,1.21,0.57985,-0.27265,1.16220129,0.3197730139,14.4275035858154,-0.645022821426391,30.8689994812012,-4.75337524414063,-0.493297863006593
2021-01-01,2021,1,"After MHW",1.00519211619848,31,0.00193383207089637,2.069,1.36365,-0.31995,1.25871611,0.32878660605,13.8054494857788,-0.534952545166016,31.2040004730225,-11.1108021736145,-1.94762055873871
2021-02-01,2021,2,"After MHW",1.002535569877,28,-0.000188103014553853,6.091,3.97125,0.6804,1.88258851,0.8139393898,13.2876033782959,-0.781181621551514,36.2649993896484,-8.26485738754273,-0.413822603225707
2021-03-01,2021,3,"After MHW",0.999147608240629,31,-0.00343161160403926,7.714,3.5114,0.57985,2.0680337,0.6090309263,12.9017057418823,-1.11090469360352,33.7350006103516,-8.70868539810181,-1.46725749969482
2021-04-01,2021,4,"After MHW",1.00205073422594,29,-0.00261166686031022,11.11,1.91595,1.36365,1.36357474,-0.44503106785,13.5574445724487,-0.526661491394043,23.673999786377,-12.4224563598633,0.160932064056396
2021-05-01,2021,5,"After MHW",1.00094060080015,31,-0.00234415240176444,9.364,1.2376,3.97125,0.861337781,-0.50101850035,14.0181579589844,-0.681148195266724,17.1450004577637,-8.62725882530212,-4.75337524414063
2021-06-01,2021,6,"After MHW",1.01762235072936,30,0.00907371344992836,4.457,-0.7672,3.5114,0.495666027,-0.23020402565,15.5530967712402,-0.0874367713928219,14.9659996032715,-1.38027365207672,-11.1108021736145
2021-07-01,2021,7,"After MHW",1.02627491971337,31,0.00612051496152932,2.448,0.2791,1.91595,0.266336977,-0.26392790915,17.4184036254883,0.344228649139403,7.89799976348877,-3.04695825576782,-8.26485738754273
2021-08-01,2021,8,"After MHW",1.029931681883,31,-0.00220496533378234,1.012,-0.3782,1.2376,0.281259239,-0.1796194953,18.2232360839844,0.34680700302124,8.61600017547607,-3.29962079524994,-8.70868539810181
2021-09-01,2021,9,"After MHW",1.02222263434351,30,-0.00884894027536798,0.642,-0.0186499999999999,-0.7672,0.757650912,0.2031512524,18.0787525177002,0.0529172897338874,9.36200046539307,-4.25482220649719,-12.4224563598633
2021-10-01,2021,10,"After MHW",1.01371180511292,30,-0.00864074776394652,0.695,0.31505,0.2791,1.46030414,0.76156370655,16.9314308166504,-0.564828777313231,16.6319999694824,-1.22125720977783,-8.62725882530212
2021-11-01,2021,11,"After MHW",1.00946435352247,30,-0.00560143650251366,0.322,-0.1196,-0.3782,0.959668875,0.13656929115,16.2884197235107,-0.115084075927733,19.3349990844727,-6.82606935501099,-1.38027365207672
2021-12-01,2021,12,"After MHW",0.997606257737641,30,-0.0117124148480617,0.617,-0.01315,-0.0186499999999999,0.594225049,-0.2482032271,14.8705558776855,-0.201970529556274,27.6380004882812,-7.98437423706055,-3.04695825576782
2022-01-01,2022,1,"After MHW",1.00163325458335,31,-0.00162502954423505,0.659,-0.04635,0.31505,1.06343198,0.13350247605,14.1176614761353,-0.222740554809571,34.1069984436035,-8.20780420303345,-3.29962079524994
2022-02-01,2022,2,"After MHW",0.997806313553992,28,-0.00491735933756143,1.907,-0.21275,-0.1196,0.944497526,-0.1241515942,13.9044647216797,-0.164320278167725,31.8560009002686,-12.6738558769226,-4.25482220649719
2022-03-01,2022,3,"After MHW",1.00368959264965,31,0.00111037280497883,6.462,2.2594,-0.01315,2.14229965,0.6832968763,13.8258094787598,-0.186800956726074,31.2609996795654,-11.1826863288879,-1.22125720977783
2022-04-01,2022,4,"After MHW",1.00062171968288,30,-0.00404068140336444,15.016,5.82195,-0.04635,3.39912152,1.59051571215,13.8899574279785,-0.194148635864257,22.5470008850098,-13.5494552612305,-6.82606935501099
2022-05-01,2022,5,"After MHW",1.0027985132903,31,-0.000486239911609676,17.077,8.9506,-0.21275,2.47701406,1.11465777865,14.03209400177,-0.667212152481079,16.2679996490479,-9.50425963401795,-7.98437423706055
2022-06-01,2022,6,"After MHW",1.01413317055118,30,0.00558453327174679,10.682,5.4578,2.2594,0.491131067,-0.23473898565,15.727557182312,0.0870236396789554,7.81300020217896,-8.53327305316925,-8.20780420303345
2022-07-01,2022,7,"After MHW",1.03357807493646,30,0.0134236701846178,4.729,2.5601,5.82195,0.386658847,-0.14360603915,17.2852420806885,0.211067104339598,7.19500017166138,-3.74995784759522,-12.6738558769226
2022-08-01,2022,8,"After MHW",1.04712462101157,31,0.0149879737947942,3.905,2.5148,8.9506,0.459677786,-0.0012009483,18.5286712646484,0.652242183685303,6.96799993515015,-4.94762103557587,-11.1826863288879
2022-09-01,2022,9,"After MHW",1.04046842867313,30,0.0093968540542515,0.924,0.26335,5.4578,0.546919405,-0.0075802546,18.8641872406006,0.838352012634278,7.07499980926514,-6.54182286262512,-13.5494552612305
2022-10-01,2022,10,"After MHW",1.02489528833214,31,0.00254273545527606,0.315,-0.06495,2.5601,0.804358244,0.10561781055,17.814136505127,0.317876911163331,9.10400009155273,-8.74925708770752,-9.50425963401795
2022-11-01,2022,11,"After MHW",1.00644347108825,30,-0.00862231893673338,1.161,0.7194,2.5148,1.24305809,0.41995850615,15.6584300994873,-0.74507369995117,26.0049991607666,-0.156069278717041,-8.53327305316925
2022-12-01,2022,12,"After MHW",1.00147700940598,31,-0.0078416631797229,0.412,-0.21815,0.26335,1.39892042,0.5564921439,14.6003732681274,-0.472153139114379,28.6860008239746,-6.93637390136719,-3.74995784759522
2023-01-01,2023,1,"After MHW",1.00411153540877,20,0.000853251281181189,0.239,-0.46635,-0.06495,1.42784965,0.49792014605,14.0940284729004,-0.246373558044434,30.9029998779297,-11.4118027687073,-4.94762103557587
