"month","n","mean","sd"
1,7,1.00325828412758,0.005081330016417
2,6,1.00272367289155,0.00363918765277516
3,6,1.00257921984467,0.00239077406379279
4,6,1.00466240108625,0.00262285158441984
5,6,1.00328475320191,0.00338065190173107
6,6,1.00854863727943,0.00633677033539586
7,6,1.02015440475184,0.00952724193603262
8,6,1.03213664721678,0.0124162927968246
9,6,1.03107157461888,0.0148728296945836
10,6,1.02235255287686,0.00859429062117931
11,6,1.01506579002498,0.00966225555317461
12,5,1.00710199802762,0.00757065831759416
