"date","year","month","ci","n_days","ci_clim","ci_anom"
2016-12-01,2016,12,1.02040204537614,26,1.0093186725857,0.0110833727904376
2017-01-01,2017,1,1.00577003488059,31,1.00325828412758,0.00251175075300547
2017-02-01,2017,2,1.00070244882519,28,1.00272367289155,-0.00202122406636329
2017-03-01,2017,3,1.00212444080093,31,1.00257921984467,-0.000454779043734366
2017-04-01,2017,4,1.00655343799545,30,1.00466240108625,0.00189103690920644
2017-05-01,2017,5,1.00672156796996,31,1.00328475320191,0.00343681476804458
2017-06-01,2017,6,1.00257631062178,30,1.00854863727943,-0.00597232665765546
2017-07-01,2017,7,1.01055343732782,30,1.02015440475184,-0.00960096742402095
2017-08-01,2017,8,1.03513990524958,31,1.03213664721678,0.00300325803280277
2017-09-01,2017,9,1.04136837169406,30,1.03107157461888,0.0102967970751828
2017-10-01,2017,10,1.03101834675717,31,1.02235255287687,0.00866579388030742
2017-11-01,2017,11,1.02633541942267,20,1.01506579002498,0.0112696293976864
2018-01-01,2018,1,1.00676439782433,15,1.00325828412758,0.00350611369674469
2018-02-01,2018,2,1.0020145175345,28,1.00272367289155,-0.000709155357049518
2018-03-01,2018,3,1.00532990763236,31,1.00257921984467,0.00275068778768994
2018-04-01,2018,4,1.00647637887183,30,1.00466240108625,0.00181397778558412
2018-05-01,2018,5,1.00584409431759,31,1.00328475320191,0.00255934111567524
2018-06-01,2018,6,1.00636385187947,30,1.00854863727943,-0.00218478539995726
2018-07-01,2018,7,1.02537634661191,31,1.02015440475184,0.00522194186006919
2018-08-01,2018,8,1.02458093646951,31,1.03213664721678,-0.00755571074727435
2018-09-01,2018,9,1.02836318339143,30,1.03107157461888,-0.00270839122745237
2018-10-01,2018,10,1.03114267786658,31,1.02235255287687,0.00879012498971266
2018-11-01,2018,11,1.02723475403945,28,1.01506579002498,0.0121689640144653
2018-12-01,2018,12,1.00759195390705,31,1.0093186725857,-0.00172671867865759
2019-01-01,2019,1,1.00685976730805,31,1.00325828412758,0.00360148318046893
2019-02-01,2019,2,1.00480935852569,28,1.00272367289155,0.00208568563413558
2019-03-01,2019,3,1.0045663074541,31,1.00257921984467,0.00198708760943189
2019-04-01,2019,4,1.00627556445672,30,1.00466240108625,0.00161316337047634
2019-05-01,2019,5,1.00544617405416,31,1.00328475320191,0.0021614208522438
2019-06-01,2019,6,1.00888134044189,30,1.00854863727943,0.000332703162458259
2019-07-01,2019,7,1.01350664715637,30,1.02015440475184,-0.00664775759546976
2019-08-01,2019,8,1.01316638607476,30,1.03213664721678,-0.0189702611420153
2019-09-01,2019,9,1.0070918422418,30,1.03107157461888,-0.0239797323770854
2019-10-01,2019,10,1.01070209102415,31,1.02235255287687,-0.0116504618527169
2019-11-01,2019,11,1.01512369984559,30,1.01506579002498,5.79098206026085e-05
2019-12-01,2019,12,1.01411732432017,31,1.0093186725857,0.00479865173446403
2020-01-01,2020,1,0.992476882689523,30,1.00325828412758,-0.0107814014380614
2020-02-01,2020,2,1.00847382903295,28,1.00272367289155,0.00575015614139307
2020-03-01,2020,3,1.00061746229034,31,1.00257921984467,-0.00196175755432715
2020-04-01,2020,4,1.00599657128466,30,1.00466240108625,0.00133417019840776
2020-05-01,2020,5,0.997957568779325,31,1.00328475320191,-0.00532718442258984
2020-06-01,2020,6,1.00171479945291,30,1.00854863727943,-0.00683383782652003
2020-07-01,2020,7,1.01163700276511,30,1.02015440475184,-0.00851740198672513
2020-08-01,2020,8,1.04287635261225,31,1.03213664721678,0.010739705395475
2020-09-01,2020,9,1.04691498736935,30,1.03107157461888,0.0158434127504712
2020-10-01,2020,10,1.02264510816823,30,1.02235255287687,0.000292555291367513
2020-11-01,2020,11,1.00579304223148,30,1.01506579002498,-0.00927274779350684
2020-12-01,2020,12,1.01471744476724,29,1.0093186725857,0.00539877218154006
2021-01-01,2021,1,1.00519211619848,31,1.00325828412758,0.00193383207089637
2021-02-01,2021,2,1.002535569877,28,1.00272367289155,-0.000188103014553853
2021-03-01,2021,3,0.999147608240629,31,1.00257921984467,-0.00343161160403926
2021-04-01,2021,4,1.00205073422594,29,1.00466240108625,-0.00261166686031022
2021-05-01,2021,5,1.00094060080015,31,1.00328475320191,-0.00234415240176444
2021-06-01,2021,6,1.01762235072936,30,1.00854863727943,0.00907371344992836
2021-07-01,2021,7,1.02627491971337,31,1.02015440475184,0.00612051496152932
2021-08-01,2021,8,1.029931681883,31,1.03213664721678,-0.00220496533378234
2021-09-01,2021,9,1.02222263434351,30,1.03107157461888,-0.00884894027536798
2021-10-01,2021,10,1.01371180511292,30,1.02235255287687,-0.00864074776394652
2021-11-01,2021,11,1.00946435352247,30,1.01506579002498,-0.00560143650251366
2021-12-01,2021,12,0.997606257737641,30,1.0093186725857,-0.0117124148480617
2022-01-01,2022,1,1.00163325458335,31,1.00325828412758,-0.00162502954423505
2022-02-01,2022,2,0.997806313553992,28,1.00272367289155,-0.00491735933756143
2022-03-01,2022,3,1.00368959264965,31,1.00257921984467,0.00111037280497883
2022-04-01,2022,4,1.00062171968288,30,1.00466240108625,-0.00404068140336444
2022-05-01,2022,5,1.0027985132903,31,1.00328475320191,-0.000486239911609676
2022-06-01,2022,6,1.01413317055118,30,1.00854863727943,0.00558453327174679
2022-07-01,2022,7,1.03357807493646,30,1.02015440475184,0.0134236701846178
2022-08-01,2022,8,1.04712462101157,31,1.03213664721678,0.0149879737947942
2022-09-01,2022,9,1.04046842867313,30,1.03107157461888,0.0093968540542515
2022-10-01,2022,10,1.02489528833214,31,1.02235255287687,0.00254273545527606
2022-11-01,2022,11,1.00644347108825,30,1.01506579002498,-0.00862231893673338
2022-12-01,2022,12,1.00147700940598,31,1.0093186725857,-0.0078416631797229
2023-01-01,2023,1,1.00411153540877,20,1.00325828412758,0.000853251281181189
