"variable","period","n","mean","sd"
"ci","Before MHW",28,1.01335371048893,0.0122172763698968
"ci","During MHW",12,1.00734263709846,0.00706758579937601
"ci","After MHW",32,1.01411813634121,0.0152092547383723
"beuti","Before MHW",29,3.11986206896552,3.54007224224246
"beuti","During MHW",12,2.09391666666667,2.20209199949558
"beuti","After MHW",32,3.7800625,4.49535339267115
"chla","Before MHW",29,0.933935906344828,0.673137301522108
"chla","During MHW",12,0.801997008666667,0.275286272985966
"chla","After MHW",32,1.13026334103125,0.685722062934653
"sst","Before MHW",29,15.999376494309,1.60989051895405
"sst","During MHW",12,15.9964973926544,1.60624411455869
"sst","After MHW",32,15.8302312791347,1.90737758818204
"mld","Before MHW",29,32.188266096444,15.7255018620831
"mld","During MHW",12,25.6093139648438,10.7023356435178
"mld","After MHW",32,19.6592985242605,9.82888902444657
"ci_anom","Before MHW",28,0.00201432193252744,0.00523844085725017
"ci_anom","During MHW",12,-0.005587080443745,0.00927700046158141
"ci_anom","After MHW",32,-1.37319242582704e-05,0.00759207304250999
"beuti_anom","Before MHW",29,-0.150336206896552,1.4126067436213
"beuti_anom","During MHW",12,-0.843066666666667,1.93771289391448
"beuti_anom","After MHW",32,1.21479375,2.24769903111511
"chla_anom","Before MHW",29,-0.0714845665293104,0.479170059012145
"chla_anom","During MHW",12,-0.1366967507625,0.592178643798291
"chla_anom","After MHW",32,0.252314548645312,0.460800354105377
"sst_anom","Before MHW",29,0.523716000852914,0.369213953530087
"sst_anom","During MHW",12,0.263624699910482,0.37933041965141
"sst_anom","After MHW",32,-0.0922252610325814,0.53959685884279
"mld_anom","Before MHW",29,3.27819943756892,4.95663765081518
"mld_anom","During MHW",12,-1.35880571206411,4.81678068993238
"mld_anom","After MHW",32,-6.02851554304362,4.21557300081244
