"date","year","month","beuti","beuti_clim","beuti_anom","chla","chla_clim","chla_anom","sst","sst_clim","sst_anom","mld","mld_clim","mld_anom"
2005-01-01,2005,1,0.075,0.70535,-0.63035,0.58469677,0.92992950395,-0.34523273395,14.337420463562,14.3404020309448,-0.00298156738281286,40.207275390625,42.314802646637,-2.10752725601196
2005-02-01,2005,2,0.032,2.11975,-2.08775,0.583432674,1.0686491202,-0.4852164462,14.3173007965088,14.0687849998474,0.248515796661376,43.717041015625,44.5298567771912,-0.812815761566164
2005-03-01,2005,3,1.234,4.2026,-2.9686,1.8601141,1.4590027737,0.4011113263,14.8584728240967,14.0126104354858,0.84586238861084,36.69775390625,42.4436860084534,-5.74593210220337
2005-04-01,2005,4,10.304,9.19405,1.10995,2.94787049,1.80860580785,1.13926468215,14.469578742981,14.0841060638428,0.385472679138184,43.717041015625,36.0964561462402,7.62058486938476
2005-05-01,2005,5,3.879,8.1264,-4.2474,1.35252345,1.36235628135,-0.00983283135000002,15.6854276657104,14.6993061542511,0.98612151145935,28.457763671875,25.7722592830658,2.6855043888092
2005-06-01,2005,6,5.681,5.2242,0.4568,0.790939212,0.72587005265,0.06506915935,16.1022338867188,15.6405335426331,0.461700344085694,25.558349609375,16.3462732553482,9.2120763540268
2005-07-01,2005,7,1.842,2.1689,-0.3269,0.736594558,0.53026488615,0.20632967185,16.9174327850342,17.0741749763489,-0.156742191314699,17.9287109375,10.9449580192566,6.98375291824341
2005-08-01,2005,8,0.291,1.3902,-1.0992,0.388831466,0.4608787343,-0.0720472683,17.6110134124756,17.8764290809631,-0.265415668487549,17.318359375,11.915620970726,5.40273840427399
2005-09-01,2005,9,0.832,0.66065,0.17135,0.388851106,0.5544996596,-0.1656485536,16.9622249603271,18.0258352279663,-1.06361026763916,19.45458984375,13.6168226718903,5.83776717185974
2005-10-01,2005,10,1.262,0.37995,0.88205,0.915441036,0.69874043345,0.21670060255,16.2383327484131,17.4962595939636,-1.25792684555054,26.779052734375,17.8532571792603,8.92579555511475
2005-11-01,2005,11,1.278,0.4416,0.8364,0.734342813,0.82309958385,-0.08875677085,15.8841390609741,16.4035037994385,-0.519364738464354,30.44140625,26.1610684394836,4.28033781051636
2005-12-01,2005,12,0.754,0.63015,0.12385,0.946181595,0.8424282761,0.1037533189,14.5103740692139,15.0725264072418,-0.562152338027953,39.291748046875,35.6223747253418,3.6693733215332
2006-01-01,2006,1,3.415,0.70535,2.70965,2.53455901,0.92992950395,1.60462950605,13.9988460540771,14.3404020309448,-0.341555976867676,40.512451171875,42.314802646637,-1.80235147476196
2006-02-01,2006,2,2.717,2.11975,0.59725,2.08690834,1.0686491202,1.0182592198,13.9203834533691,14.0687849998474,-0.148401546478272,40.512451171875,44.5298567771912,-4.01740560531616
2006-03-01,2006,3,4.951,4.2026,0.748399999999999,4.10394812,1.4590027737,2.6449453463,13.5894117355347,14.0126104354858,-0.423198699951172,47.379150390625,42.4436860084534,4.93546438217163
2006-04-01,2006,4,2.479,9.19405,-6.71505,3.57520938,1.80860580785,1.76660357215,14.319465637207,14.0841060638428,0.235359573364258,32.57763671875,36.0964561462402,-3.51881942749024
2006-05-01,2006,5,5.222,8.1264,-2.9044,1.53654587,1.36235628135,0.17418958865,14.9397850036621,14.6993061542511,0.24047884941101,26.01611328125,25.7722592830658,0.243853998184203
2006-06-01,2006,6,2.605,5.2242,-2.6192,1.07750928,0.72587005265,0.35163922735,16.0185661315918,15.6405335426331,0.378032588958741,18.386474609375,16.3462732553482,2.0402013540268
2006-07-01,2006,7,1.502,2.1689,-0.6669,0.886778176,0.53026488615,0.35651328985,17.5273914337158,17.0741749763489,0.453216457366942,10.7568359375,10.9449580192566,-0.188122081756593
2006-08-01,2006,8,0.192,1.3902,-1.1982,0.255258173,0.4608787343,-0.2056205613,18.4439811706543,17.8764290809631,0.567552089691162,10.45166015625,11.915620970726,-1.46396081447601
2006-09-01,2006,9,0.321,0.66065,-0.33965,0.326345921,0.5544996596,-0.2281537386,17.5347385406494,18.0258352279663,-0.491096687316894,17.470947265625,13.6168226718903,3.85412459373474
2006-10-01,2006,10,0.027,0.37995,-0.35295,0.492593974,0.69874043345,-0.20614645945,16.95676612854,17.4962595939636,-0.539493465423583,20.52294921875,17.8532571792603,2.66969203948975
2006-11-01,2006,11,0.098,0.4416,-0.3436,0.435629427,0.82309958385,-0.38747015685,16.4457950592041,16.4035037994385,0.0422912597656264,27.69482421875,26.1610684394836,1.53375577926636
2006-12-01,2006,12,0.807,0.63015,0.17685,0.57119751,0.8424282761,-0.2712307661,14.7656497955322,15.0725264072418,-0.306876611709594,39.4443359375,35.6223747253418,3.8219612121582
2007-01-01,2007,1,1.477,0.70535,0.77165,1.01891053,0.92992950395,0.0889810260500001,13.1523103713989,14.3404020309448,-1.1880916595459,50.2783203125,42.314802646637,7.96351766586304
2007-02-01,2007,2,2.989,2.11975,0.86925,0.589440286,1.0686491202,-0.4792088342,13.3141422271729,14.0687849998474,-0.754642772674561,45.70068359375,44.5298567771912,1.17082681655884
2007-03-01,2007,3,4.795,4.2026,0.5924,1.19673896,1.4590027737,-0.2622638137,13.4051895141602,14.0126104354858,-0.607420921325684,49.0576171875,42.4436860084534,6.61393117904663
2007-04-01,2007,4,12.497,9.19405,3.30295,1.62226772,1.80860580785,-0.18633808785,13.3550672531128,14.0841060638428,-0.72903881072998,42.80126953125,36.0964561462402,6.70481338500976
2007-05-01,2007,5,7.948,8.1264,-0.1784,1.5977571,1.36235628135,0.23540081865,13.8479356765747,14.6993061542511,-0.851370477676392,30.288818359375,25.7722592830658,4.5165590763092
2007-06-01,2007,6,5.396,5.2242,0.1718,0.43088904,0.72587005265,-0.29498101265,14.8395748138428,15.6405335426331,-0.800958728790283,19.45458984375,16.3462732553482,3.1083165884018
2007-07-01,2007,7,1.12,2.1689,-1.0489,0.309637755,0.53026488615,-0.22062713115,17.0244235992432,17.0741749763489,-0.0497513771057143,12.435546875,10.9449580192566,1.49058885574341
2007-08-01,2007,8,0.431,1.3902,-0.9592,0.376318663,0.4608787343,-0.0845600713,17.7175445556641,17.8764290809631,-0.158884525299072,15.029541015625,11.915620970726,3.11392004489899
2007-09-01,2007,9,0.635,0.66065,-0.02565,0.579470754,0.5544996596,0.0249710944,17.7129764556885,18.0258352279663,-0.312858772277831,17.165771484375,13.6168226718903,3.54894881248474
2007-10-01,2007,10,1.256,0.37995,0.87605,0.821990609,0.69874043345,0.12325017555,16.3788146972656,17.4962595939636,-1.117444896698,26.3212890625,17.8532571792603,8.46803188323975
2007-11-01,2007,11,0.392,0.4416,-0.0496,1.0260967,0.82309958385,0.20299711615,15.5477838516235,16.4035037994385,-0.85571994781494,30.44140625,26.1610684394836,4.28033781051636
2007-12-01,2007,12,2.792,0.63015,2.16185,0.977142274,0.8424282761,0.1347139979,13.5841426849365,15.0725264072418,-1.4883837223053,40.207275390625,35.6223747253418,4.5849006652832
2008-01-01,2008,1,-0.05,0.70535,-0.75535,0.90681237,0.92992950395,-0.0231171339499999,12.6909294128418,14.3404020309448,-1.64947261810303,52.5673828125,42.314802646637,10.252580165863
2008-02-01,2008,2,3.766,2.11975,1.64625,0.990822673,1.0686491202,-0.0778264471999999,12.7695970535278,14.0687849998474,-1.29918794631958,49.210205078125,44.5298567771912,4.68034830093384
2008-03-01,2008,3,14.127,4.2026,9.9244,1.73515391,1.4590027737,0.2761511363,12.7552547454834,14.0126104354858,-1.25735569000244,32.425048828125,42.4436860084534,-10.0186371803284
2008-04-01,2008,4,15.406,9.19405,6.21195,1.94196987,1.80860580785,0.13336406215,12.9933166503906,14.0841060638428,-1.09078941345215,29.8310546875,36.0964561462402,-6.26540145874024
2008-05-01,2008,5,7.59,8.1264,-0.5364,1.12855172,1.36235628135,-0.23380456135,13.9316749572754,14.6993061542511,-0.767631196975708,19.91259765625,25.7722592830658,-5.8596616268158
2008-06-01,2008,6,4.55,5.2242,-0.6742,0.847649992,0.72587005265,0.12177993935,15.1016530990601,15.6405335426331,-0.538880443572998,11.67236328125,16.3462732553482,-4.6739099740982
2008-07-01,2008,7,0.699,2.1689,-1.4699,0.402356893,0.53026488615,-0.12790799315,17.1198959350586,17.0741749763489,0.0457209587097154,8.01025390625,10.9449580192566,-2.93470411300659
2008-08-01,2008,8,0.119,1.3902,-1.2712,0.267856508,0.4608787343,-0.1930222263,17.8930778503418,17.8764290809631,0.0166487693786621,7.247314453125,11.915620970726,-4.66830651760101
2008-09-01,2008,9,0.089,0.66065,-0.57165,0.394472599,0.5544996596,-0.1600270606,17.5536289215088,18.0258352279663,-0.472206306457519,7.39990234375,13.6168226718903,-6.21692032814026
2008-10-01,2008,10,0.306,0.37995,-0.07395,0.455091357,0.69874043345,-0.24364907645,16.9752311706543,17.4962595939636,-0.521028423309325,11.8251953125,17.8532571792603,-6.02806186676025
2008-11-01,2008,11,0.353,0.4416,-0.0886,0.610813916,0.82309958385,-0.21228566785,16.4147300720215,16.4035037994385,0.0112262725830092,18.23388671875,26.1610684394836,-7.92718172073364
2008-12-01,2008,12,0.586,0.63015,-0.04415,0.64897424,0.8424282761,-0.1934540361,14.7367744445801,15.0725264072418,-0.335751962661742,27.847412109375,35.6223747253418,-7.7749626159668
2009-01-01,2009,1,-0.15,0.70535,-0.85535,1.16913986,0.92992950395,0.23921035605,13.920578956604,14.3404020309448,-0.419823074340821,43.717041015625,42.314802646637,1.40223836898804
2009-02-01,2009,2,0.94,2.11975,-1.17975,1.1142236,1.0686491202,0.0455744798000002,13.7815475463867,14.0687849998474,-0.287237453460694,48.599853515625,44.5298567771912,4.06999673843384
2009-03-01,2009,3,4.53,4.2026,0.3274,1.59346914,1.4590027737,0.1344663663,13.509819984436,14.0126104354858,-0.502790451049805,45.853271484375,42.4436860084534,3.40958547592163
2009-04-01,2009,4,10.755,9.19405,1.56095,1.88938236,1.80860580785,0.0807765521499999,13.1844730377197,14.0841060638428,-0.899633026123047,40.817626953125,36.0964561462402,4.72117080688476
2009-05-01,2009,5,4.861,8.1264,-3.2654,1.69862521,1.36235628135,0.33626892865,13.9672060012817,14.6993061542511,-0.732100152969361,20.980712890625,25.7722592830658,-4.7915463924408
2009-06-01,2009,6,1.259,5.2242,-3.9652,0.613035142,0.72587005265,-0.11283491065,15.8149538040161,15.6405335426331,0.174420261383057,11.3671875,16.3462732553482,-4.9790857553482
2009-07-01,2009,7,0.411,2.1689,-1.7579,0.64863658,0.53026488615,0.11837169385,16.6629905700684,17.0741749763489,-0.411184406280519,8.62060546875,10.9449580192566,-2.32435255050659
2009-08-01,2009,8,0.389,1.3902,-1.0012,0.398591906,0.4608787343,-0.0622868283,17.0357818603516,17.8764290809631,-0.840647220611572,15.029541015625,11.915620970726,3.11392004489899
2009-09-01,2009,9,0.112,0.66065,-0.54865,0.638448775,0.5544996596,0.0839491153999999,17.2686061859131,18.0258352279663,-0.757229042053222,12.282958984375,13.6168226718903,-1.33386368751526
2009-10-01,2009,10,0.299,0.37995,-0.08095,0.393141896,0.69874043345,-0.30559853745,16.6704483032227,17.4962595939636,-0.825811290740965,18.23388671875,17.8532571792603,0.380629539489746
2009-11-01,2009,11,0.65,0.4416,0.2084,0.614406824,0.82309958385,-0.20869275985,15.6627931594849,16.4035037994385,-0.740710639953612,28.91552734375,26.1610684394836,2.75445890426636
2009-12-01,2009,12,0.178,0.63015,-0.45215,0.590420306,0.8424282761,-0.2520079701,13.8776826858521,15.0725264072418,-1.19484372138977,37.460693359375,35.6223747253418,1.8383186340332
2010-01-01,2010,1,-0.328,0.70535,-1.03335,0.415322512,0.92992950395,-0.51460699195,14.4357461929321,14.3404020309448,0.0953441619873043,37.91845703125,42.314802646637,-4.39634561538696
2010-02-01,2010,2,0.558,2.11975,-1.56175,0.529883027,1.0686491202,-0.5387660932,14.3445453643799,14.0687849998474,0.27576036453247,45.09033203125,44.5298567771912,0.560475254058836
2010-03-01,2010,3,4.18,4.2026,-0.0226000000000006,2.4664607,1.4590027737,1.0074579263,14.2080307006836,14.0126104354858,0.195420265197754,48.14208984375,42.4436860084534,5.69840383529663
2010-04-01,2010,4,6.638,9.19405,-2.55605,0.917387009,1.80860580785,-0.89121879885,14.0982999801636,14.0841060638428,0.0141939163208011,46.31103515625,36.0964561462402,10.2145790100098
2010-05-01,2010,5,10.441,8.1264,2.3146,2.03204417,1.36235628135,0.66968788865,13.6530981063843,14.6993061542511,-1.04620804786682,37.0029296875,25.7722592830658,11.2306704044342
2010-06-01,2010,6,5.337,5.2242,0.1128,0.809327126,0.72587005265,0.0834570733500001,14.4597759246826,15.6405335426331,-1.18075761795044,21.74365234375,16.3462732553482,5.3973790884018
2010-07-01,2010,7,2.063,2.1689,-0.1059,0.698845267,0.53026488615,0.16858038085,15.7223081588745,17.0741749763489,-1.35186681747437,18.081298828125,10.9449580192566,7.13634080886841
2010-08-01,2010,8,2.13,1.3902,0.7398,0.884910762,0.4608787343,0.4240320277,16.1936187744141,17.8764290809631,-1.68281030654907,19.1494140625,11.915620970726,7.23379309177399
2010-09-01,2010,9,1.078,0.66065,0.41735,1.18476176,0.5544996596,0.6302621004,16.3152046203613,18.0258352279663,-1.71063060760498,19.607177734375,13.6168226718903,5.99035506248474
2010-10-01,2010,10,0.29,0.37995,-0.08995,2.48813415,0.69874043345,1.78939371655,16.5775032043457,17.4962595939636,-0.918756389617919,17.9287109375,17.8532571792603,0.0754537582397461
2010-11-01,2010,11,1.082,0.4416,0.6404,2.91290903,0.82309958385,2.08980944615,15.6057806015015,16.4035037994385,-0.79772319793701,27.847412109375,26.1610684394836,1.68634366989136
2010-12-01,2010,12,0.908,0.63015,0.27785,2.32117271,0.8424282761,1.4787444339,14.2617063522339,15.0725264072418,-0.810820055007934,40.0546875,35.6223747253418,4.4323127746582
2011-01-01,2011,1,-0.577,0.70535,-1.28235,1.40060556,0.92992950395,0.47067605605,13.5280799865723,14.3404020309448,-0.812322044372559,47.379150390625,42.314802646637,5.06434774398804
2011-02-01,2011,2,0.496,2.11975,-1.62375,1.71515036,1.0686491202,0.6465012398,13.5084495544434,14.0687849998474,-0.560335445404053,50.736083984375,44.5298567771912,6.20622720718384
2011-03-01,2011,3,3.637,4.2026,-0.5656,2.19542408,1.4590027737,0.7364213063,13.5417728424072,14.0126104354858,-0.470837593078613,47.684326171875,42.4436860084534,5.24064016342163
2011-04-01,2011,4,8.363,9.19405,-0.831050000000001,1.19500065,1.80860580785,-0.61360515785,13.94797706604,14.0841060638428,-0.136128997802734,31.96728515625,36.0964561462402,-4.12917098999024
2011-05-01,2011,5,10.182,8.1264,2.0556,1.64086127,1.36235628135,0.27850498865,14.3974771499634,14.6993061542511,-0.30182900428772,27.389404296875,25.7722592830658,1.6171450138092
2011-06-01,2011,6,4.109,5.2242,-1.1152,2.00823545,0.72587005265,1.28236539735,15.0404844284058,15.6405335426331,-0.600049114227295,16.250244140625,16.3462732553482,-0.0960291147232049
2011-07-01,2011,7,0.767,2.1689,-1.4019,0.522044599,0.53026488615,-0.00822028715000001,16.5547752380371,17.0741749763489,-0.519399738311769,8.773193359375,10.9449580192566,-2.17176465988159
2011-08-01,2011,8,0.435,1.3902,-0.9552,0.362649322,0.4608787343,-0.0982294123,16.8631744384766,17.8764290809631,-1.01325464248657,9.23095703125,11.915620970726,-2.68466393947601
2011-09-01,2011,9,0.158,0.66065,-0.50265,0.501849771,0.5544996596,-0.0526498886000001,16.6667976379395,18.0258352279663,-1.35903759002685,10.146484375,13.6168226718903,-3.47033829689026
2011-10-01,2011,10,0.199,0.37995,-0.18095,0.70714736,0.69874043345,0.00840692654999997,16.9621505737305,17.4962595939636,-0.534109020233153,16.250244140625,17.8532571792603,-1.60301303863525
2011-11-01,2011,11,0.217,0.4416,-0.2246,1.05709326,0.82309958385,0.23399367615,16.2264442443848,16.4035037994385,-0.17705955505371,20.370361328125,26.1610684394836,-5.79070711135864
2011-12-01,2011,12,0.417,0.63015,-0.21315,0.767100513,0.8424282761,-0.0753277631,14.9832572937012,15.0725264072418,-0.0892691135406487,31.35693359375,35.6223747253418,-4.2654411315918
2012-01-01,2012,1,0.797,0.70535,0.09165,0.780111253,0.92992950395,-0.14981825095,14.7492828369141,14.3404020309448,0.408880805969238,35.171630859375,42.314802646637,-7.14317178726196
2012-02-01,2012,2,5.572,2.11975,3.45225,1.32833993,1.0686491202,0.2596908098,14.3796606063843,14.0687849998474,0.310875606536865,32.8828125,44.5298567771912,-11.6470442771912
2012-03-01,2012,3,4.823,4.2026,0.6204,0.82331872,1.4590027737,-0.6356840537,13.5572414398193,14.0126104354858,-0.455368995666504,32.57763671875,42.4436860084534,-9.86604928970337
2012-04-01,2012,4,7.529,9.19405,-1.66505,0.788632154,1.80860580785,-1.01997365385,13.7879085540771,14.0841060638428,-0.296197509765625,26.931640625,36.0964561462402,-9.16481552124024
2012-05-01,2012,5,9.007,8.1264,0.880599999999999,1.65706444,1.36235628135,0.29470815865,14.1778831481934,14.6993061542511,-0.52142300605774,18.386474609375,25.7722592830658,-7.3857846736908
2012-06-01,2012,6,3.473,5.2242,-1.7512,0.535547912,0.72587005265,-0.19032214065,14.9866924285889,15.6405335426331,-0.653841114044189,13.198486328125,16.3462732553482,-3.1477869272232
2012-07-01,2012,7,0.892,2.1689,-1.2769,0.493329853,0.53026488615,-0.03693503315,15.5587863922119,17.0741749763489,-1.51538858413696,8.01025390625,10.9449580192566,-2.93470411300659
2012-08-01,2012,8,0.185,1.3902,-1.2052,0.323136181,0.4608787343,-0.1377425533,16.4081878662109,17.8764290809631,-1.4682412147522,7.0947265625,11.915620970726,-4.82089440822601
2012-09-01,2012,9,0.062,0.66065,-0.59865,0.206717417,0.5544996596,-0.3477822426,17.7539215087891,18.0258352279663,-0.271913719177245,7.0947265625,13.6168226718903,-6.52209610939026
2012-10-01,2012,10,0.015,0.37995,-0.36495,0.22856912,0.69874043345,-0.47017131345,17.9970836639404,17.4962595939636,0.500824069976808,8.773193359375,17.8532571792603,-9.08006381988525
2012-11-01,2012,11,0.012,0.4416,-0.4296,0.436613262,0.82309958385,-0.38648632185,16.2791385650635,16.4035037994385,-0.124365234374999,19.302001953125,26.1610684394836,-6.85906648635864
2012-12-01,2012,12,0.592,0.63015,-0.03815,0.595272958,0.8424282761,-0.2471553181,15.1482219696045,15.0725264072418,0.0756955623626716,27.69482421875,35.6223747253418,-7.9275505065918
2013-01-01,2013,1,2.521,0.70535,1.81565,1.20970845,0.92992950395,0.27977894605,13.8635997772217,14.3404020309448,-0.476802253723145,41.275390625,42.314802646637,-1.03941202163696
2013-02-01,2013,2,6.513,2.11975,4.39325,0.629895329,1.0686491202,-0.4387537912,13.252368927002,14.0687849998474,-0.81641607284546,45.09033203125,44.5298567771912,0.560475254058836
2013-03-01,2013,3,5.762,4.2026,1.5594,0.825463712,1.4590027737,-0.6335390617,13.3049335479736,14.0126104354858,-0.707676887512207,45.09033203125,42.4436860084534,2.64664602279663
2013-04-01,2013,4,11.62,9.19405,2.42595,1.64226103,1.80860580785,-0.16634477785,13.5916042327881,14.0841060638428,-0.492501831054687,38.376220703125,36.0964561462402,2.27976455688476
2013-05-01,2013,5,12.002,8.1264,3.8756,0.597993135,1.36235628135,-0.76436314635,14.7086706161499,14.6993061542511,0.00936446189880336,22.201416015625,25.7722592830658,-3.5708432674408
2013-06-01,2013,6,6.681,5.2242,1.4568,0.656361163,0.72587005265,-0.0695088896499999,15.6168718338013,15.6405335426331,-0.0236617088317868,17.165771484375,16.3462732553482,0.819498229026795
2013-07-01,2013,7,2.135,2.1689,-0.0339000000000005,0.50458765,0.53026488615,-0.0256772361499999,16.5812530517578,17.0741749763489,-0.492921924591066,11.214599609375,10.9449580192566,0.269641590118407
2013-08-01,2013,8,3.688,1.3902,2.2978,0.56784302,0.4608787343,0.1069642857,16.5622482299805,17.8764290809631,-1.31418085098267,17.01318359375,11.915620970726,5.09756262302399
2013-09-01,2013,9,3.168,0.66065,2.50735,0.471413136,0.5544996596,-0.0830865236,17.413122177124,18.0258352279663,-0.612713050842284,16.860595703125,13.6168226718903,3.24377303123474
2013-10-01,2013,10,0.469,0.37995,0.08905,0.280592263,0.69874043345,-0.41814817045,16.4162349700928,17.4962595939636,-1.08002462387085,21.4384765625,17.8532571792603,3.58521938323975
2013-11-01,2013,11,0.127,0.4416,-0.3146,0.410949886,0.82309958385,-0.41214969785,15.7126426696777,16.4035037994385,-0.690861129760741,27.5419921875,26.1610684394836,1.38092374801636
2013-12-01,2013,12,0.383,0.63015,-0.24715,1.013888,0.8424282761,0.1714597239,14.810507774353,15.0725264072418,-0.262018632888793,37.91845703125,35.6223747253418,2.2960823059082
2014-01-01,2014,1,0.199,0.70535,-0.50635,0.381140381,0.92992950395,-0.54878912295,14.4332942962646,14.3404020309448,0.0928922653198239,33.035400390625,42.314802646637,-9.27940225601196
2014-02-01,2014,2,1.456,2.11975,-0.66375,3.232728,1.0686491202,2.1640788798,14.2879047393799,14.0687849998474,0.21911973953247,38.833984375,44.5298567771912,-5.69587240219116
2014-03-01,2014,3,1.414,4.2026,-2.7886,0.587437272,1.4590027737,-0.8715655017,14.6091012954712,14.0126104354858,0.596490859985352,32.8828125,42.4436860084534,-9.56087350845337
2014-04-01,2014,4,5.591,9.19405,-3.60305,1.1400764,1.80860580785,-0.66852940785,14.516975402832,14.0841060638428,0.432869338989258,34.866455078125,36.0964561462402,-1.23000106811524
2014-05-01,2014,5,5.76,8.1264,-2.3664,0.737172902,1.36235628135,-0.62518337935,16.1555080413818,14.6993061542511,1.45620188713074,25.40576171875,25.7722592830658,-0.366497564315797
2014-06-01,2014,6,2.446,5.2242,-2.7782,0.370127678,0.72587005265,-0.35574237465,16.7116680145264,15.6405335426331,1.07113447189331,17.62353515625,16.3462732553482,1.2772619009018
2014-07-01,2014,7,0.296,2.1689,-1.8729,0.222504839,0.53026488615,-0.30776004715,18.5544185638428,17.0741749763489,1.4802435874939,11.214599609375,10.9449580192566,0.269641590118407
2014-08-01,2014,8,0.159,1.3902,-1.2312,0.350206405,0.4608787343,-0.1106723293,19.2528324127197,17.8764290809631,1.37640333175659,16.7080078125,11.915620970726,4.79238684177399
2014-09-01,2014,9,0.088,0.66065,-0.57265,0.382091492,0.5544996596,-0.1724081676,19.9134979248047,18.0258352279663,1.88766269683838,17.165771484375,13.6168226718903,3.54894881248474
2014-10-01,2014,10,0.006,0.37995,-0.37395,0.221474275,0.69874043345,-0.47726615845,19.4720478057861,17.4962595939636,1.97578821182251,18.386474609375,17.8532571792603,0.533217430114746
2014-11-01,2014,11,0.003,0.4416,-0.4386,0.24070473,0.82309958385,-0.58239485385,18.406867980957,16.4035037994385,2.00336418151856,29.373291015625,26.1610684394836,3.21222257614136
2014-12-01,2014,12,0.027,0.63015,-0.60315,0.306065738,0.8424282761,-0.5363625381,17.5513286590576,15.0725264072418,2.4788022518158,39.4443359375,35.6223747253418,3.8219612121582
2015-01-01,2015,1,-0.05,0.70535,-0.75535,0.346055716,0.92992950395,-0.58387378795,15.9804935455322,14.3404020309448,1.6400915145874,51.804443359375,42.314802646637,9.48964071273804
2015-02-01,2015,2,0.191,2.11975,-1.92875,0.238338709,1.0686491202,-0.8303104112,16.0668125152588,14.0687849998474,1.99802751541138,48.75244140625,44.5298567771912,4.22258462905884
2015-03-01,2015,3,0.548,4.2026,-3.6546,0.309245318,1.4590027737,-1.1497574557,16.0663528442383,14.0126104354858,2.05374240875244,44.937744140625,42.4436860084534,2.49405813217163
2015-04-01,2015,4,3.828,9.19405,-5.36605,0.394019723,1.80860580785,-1.41458608485,15.6218500137329,14.0841060638428,1.53774394989014,39.4443359375,36.0964561462402,3.34787979125976
2015-05-01,2015,5,5.285,8.1264,-2.8414,0.409360409,1.36235628135,-0.95299587235,15.6287231445312,14.6993061542511,0.929416990280151,32.730224609375,25.7722592830658,6.9579653263092
2015-06-01,2015,6,3.96,5.2242,-1.2642,0.246796995,0.72587005265,-0.47907305765,16.3942317962646,15.6405335426331,0.753698253631592,11.06201171875,16.3462732553482,-5.2842615365982
2015-07-01,2015,7,0.737,2.1689,-1.4319,0.25130859,0.53026488615,-0.27895629615,18.8297138214111,17.0741749763489,1.75553884506225,8.01025390625,10.9449580192566,-2.93470411300659
2015-08-01,2015,8,0.438,1.3902,-0.9522,0.237260878,0.4608787343,-0.2236178563,19.6536960601807,17.8764290809631,1.77726697921753,9.993896484375,11.915620970726,-1.92172448635101
2015-09-01,2015,9,0.057,0.66065,-0.60365,0.225587845,0.5544996596,-0.3289118146,20.3302955627441,18.0258352279663,2.30446033477783,9.84130859375,13.6168226718903,-3.77551407814026
2015-10-01,2015,10,0,0.37995,-0.37995,0.203175232,0.69874043345,-0.49556520145,20.153621673584,17.4962595939636,2.65736207962036,17.01318359375,17.8532571792603,-0.840073585510254
2015-11-01,2015,11,0.019,0.4416,-0.4226,0.306280583,0.82309958385,-0.51681900085,17.5213832855225,16.4035037994385,1.11787948608399,33.340576171875,26.1610684394836,7.17950773239136
2015-12-01,2015,12,0.471,0.63015,-0.15915,0.552949369,0.8424282761,-0.2894789071,16.0225429534912,15.0725264072418,0.95001654624939,50.2783203125,35.6223747253418,14.6559455871582
2016-01-01,2016,1,0.215,0.70535,-0.49035,0.751366496,0.92992950395,-0.17856300795,14.7100534439087,14.3404020309448,0.369651412963867,54.09326171875,42.314802646637,11.778459072113
2016-02-01,2016,2,0.91,2.11975,-1.20975,0.674933672,1.0686491202,-0.3937154482,14.7430505752563,14.0687849998474,0.674265575408935,49.66796875,44.5298567771912,5.13811197280884
2016-03-01,2016,3,2.348,4.2026,-1.8546,1.03621006,1.4590027737,-0.4227927137,15.1038665771484,14.0126104354858,1.0912561416626,43.717041015625,42.4436860084534,1.27335500717163
2016-04-01,2016,4,7.229,9.19405,-1.96505,1.6322366,1.80860580785,-0.17636920785,15.0575666427612,14.0841060638428,0.973460578918457,40.6650390625,36.0964561462402,4.56858291625976
2016-05-01,2016,5,4.233,8.1264,-3.8934,1.48361731,1.36235628135,0.12126102865,15.4687900543213,14.6993061542511,0.76948390007019,31.509521484375,25.7722592830658,5.7372622013092
2016-06-01,2016,6,8.108,5.2242,2.8838,1.49563015,0.72587005265,0.76976009735,15.9729852676392,15.6405335426331,0.332451725006104,23.727294921875,16.3462732553482,7.3810216665268
2016-07-01,2016,7,2.627,2.1689,0.4581,0.533298373,0.53026488615,0.00303348685000004,17.1640872955322,17.0741749763489,0.0899123191833482,14.2666015625,10.9449580192566,3.32164354324341
2016-08-01,2016,8,0.89,1.3902,-0.5002,0.472811162,0.4608787343,0.0119324277,17.8524265289307,17.8764290809631,-0.0240025520324707,10.299072265625,11.915620970726,-1.61654870510101
2016-09-01,2016,9,0.322,0.66065,-0.33865,0.441275626,0.5544996596,-0.1132240336,17.314998626709,18.0258352279663,-0.710836601257324,16.250244140625,13.6168226718903,2.63342146873474
2016-10-01,2016,10,0.284,0.37995,-0.09595,0.669345558,0.69874043345,-0.0293948754500001,17.4309272766113,17.4962595939636,-0.0653323173522935,18.386474609375,17.8532571792603,0.533217430114746
2016-11-01,2016,11,0.229,0.4416,-0.2126,0.599753737,0.82309958385,-0.22334584685,17.0673274993896,16.4035037994385,0.663823699951173,27.23681640625,26.1610684394836,1.07574796676636
2016-12-01,2016,12,0.532,0.63015,-0.09815,0.686097205,0.8424282761,-0.1563310711,15.0773134231567,15.0725264072418,0.0047870159149177,44.632568359375,35.6223747253418,9.0101936340332
2017-01-01,2017,1,0.455,0.70535,-0.25035,0.744852543,0.92992950395,-0.18507696095,14.6416816711426,14.3404020309448,0.301279640197754,53.940673828125,42.314802646637,11.625871181488
2017-02-01,2017,2,1.065,2.11975,-1.05475,0.721874177,1.0686491202,-0.3467749432,14.1659259796143,14.0687849998474,0.097140979766845,55.466552734375,44.5298567771912,10.9366959571838
2017-03-01,2017,3,3.465,4.2026,-0.7376,1.08497405,1.4590027737,-0.3740287237,14.5667133331299,14.0126104354858,0.554102897644043,46.31103515625,42.4436860084534,3.86734914779663
2017-04-01,2017,4,9.74,9.19405,0.545949999999999,2.14201856,1.80860580785,0.33341275215,14.7621374130249,14.0841060638428,0.678031349182129,38.52880859375,36.0964561462402,2.43235244750976
2017-05-01,2017,5,9.801,8.1264,1.6746,1.41086292,1.36235628135,0.0485066386499999,14.9365386962891,14.6993061542511,0.237232542037964,31.35693359375,25.7722592830658,5.5846743106842
2017-06-01,2017,6,7.675,5.2242,2.4508,0.618702769,0.72587005265,-0.10716728365,15.9088668823242,15.6405335426331,0.268333339691162,17.9287109375,16.3462732553482,1.5824376821518
2017-07-01,2017,7,2.656,2.1689,0.4871,0.406544685,0.53026488615,-0.12372020115,17.6091194152832,17.0741749763489,0.534944438934325,11.67236328125,10.9449580192566,0.727405261993407
2017-08-01,2017,8,1.191,1.3902,-0.1992,0.478192657,0.4608787343,0.0173139227,18.8245716094971,17.8764290809631,0.948142528533936,10.299072265625,11.915620970726,-1.61654870510101
2017-09-01,2017,9,0.607,0.66065,-0.05365,0.464877635,0.5544996596,-0.0896220246,18.9211864471436,18.0258352279663,0.895351219177247,13.503662109375,13.6168226718903,-0.113160562515258
2017-10-01,2017,10,0.275,0.37995,-0.10495,0.356931955,0.69874043345,-0.34180847845,17.7239246368408,17.4962595939636,0.227665042877199,18.5390625,17.8532571792603,0.685805320739746
2017-11-01,2017,11,0.115,0.4416,-0.3266,0.624364913,0.82309958385,-0.19873467085,16.8555679321289,16.4035037994385,0.452064132690431,27.5419921875,26.1610684394836,1.38092374801636
2017-12-01,2017,12,-0.019,0.63015,-0.64915,0.780782342,0.8424282761,-0.0616459341000001,15.8095254898071,15.0725264072418,0.736999082565308,36.850341796875,35.6223747253418,1.2279670715332
2018-01-01,2018,1,0.804,0.70535,0.09865,0.897599578,0.92992950395,-0.0323299259499999,15.662446975708,14.3404020309448,1.32204494476318,37.460693359375,42.314802646637,-4.85410928726196
2018-02-01,2018,2,1.911,2.11975,-0.20875,0.689380765,1.0686491202,-0.3792683552,14.8091011047363,14.0687849998474,0.740316104888915,47.53173828125,44.5298567771912,3.00188150405884
2018-03-01,2018,3,2.557,4.2026,-1.6456,0.955615461,1.4590027737,-0.5033873127,14.4995527267456,14.0126104354858,0.486942291259766,49.820556640625,42.4436860084534,7.37687063217163
2018-04-01,2018,4,11.26,9.19405,2.06595,3.45232272,1.80860580785,1.64371691215,14.5088129043579,14.0841060638428,0.424706840515137,45.853271484375,36.0964561462402,9.75681533813476
2018-05-01,2018,5,9.829,8.1264,1.7026,0.609254539,1.36235628135,-0.75310174235,14.741114616394,14.6993061542511,0.041808462142944,34.561279296875,25.7722592830658,8.7890200138092
2018-06-01,2018,6,7.352,5.2242,2.1278,0.53245002,0.72587005265,-0.19342003265,15.4540576934814,15.6405335426331,-0.186475849151611,19.1494140625,16.3462732553482,2.8031408071518
2018-07-01,2018,7,2.906,2.1689,0.7371,1.06390452,0.53026488615,0.53363963385,17.8067226409912,17.0741749763489,0.732547664642333,8.92578125,10.9449580192566,-2.01917676925659
2018-08-01,2018,8,0.854,1.3902,-0.5362,0.46196118,0.4608787343,0.00108244570000005,18.9872608184814,17.8764290809631,1.11083173751831,9.078369140625,11.915620970726,-2.83725183010101
2018-09-01,2018,9,0.375,0.66065,-0.28565,0.855270147,0.5544996596,0.3007704874,17.9348182678223,18.0258352279663,-0.0910169601440423,17.01318359375,13.6168226718903,3.39636092185974
2018-10-01,2018,10,0.065,0.37995,-0.31495,0.351287246,0.69874043345,-0.34745318745,18.0346240997314,17.4962595939636,0.538364505767824,18.691650390625,17.8532571792603,0.838393211364746
2018-11-01,2018,11,0.009,0.4416,-0.4326,0.407158226,0.82309958385,-0.41594135785,17.4239025115967,16.4035037994385,1.0203987121582,25.863525390625,26.1610684394836,-0.297543048858643
2018-12-01,2018,12,0.527,0.63015,-0.10315,0.644792795,0.8424282761,-0.1976354811,16.1061992645264,15.0725264072418,1.03367285728455,34.561279296875,35.6223747253418,-1.0610954284668
2019-01-01,2019,1,-0.022,0.70535,-0.72735,0.660122931,0.92992950395,-0.26980657295,15.0174465179443,14.3404020309448,0.677044486999511,46.92138671875,42.314802646637,4.60658407211304
2019-02-01,2019,2,1.873,2.11975,-0.24675,1.2138375,1.0686491202,0.1451883798,14.2588376998901,14.0687849998474,0.190052700042724,58.36572265625,44.5298567771912,13.8358658790588
2019-03-01,2019,3,3.248,4.2026,-0.9546,1.02322543,1.4590027737,-0.4357773437,14.1970405578613,14.0126104354858,0.184430122375488,55.771728515625,42.4436860084534,13.3280425071716
2019-04-01,2019,4,5.17,9.19405,-4.02405,1.15005422,1.80860580785,-0.65855158785,14.6271915435791,14.0841060638428,0.543085479736328,36.239990234375,36.0964561462402,0.143534088134764
2019-05-01,2019,5,4.732,8.1264,-3.3944,2.2809248,1.36235628135,0.91856851865,15.1870288848877,14.6993061542511,0.487722730636596,25.7109375,25.7722592830658,-0.0613217830657966
2019-06-01,2019,6,2.585,5.2242,-2.6392,0.851711154,0.72587005265,0.12584110135,16.1784210205078,15.6405335426331,0.537887477874756,13.198486328125,16.3462732553482,-3.1477869272232
2019-07-01,2019,7,4.001,2.1689,1.8321,0.736964166,0.53026488615,0.20669927985,16.8657550811768,17.0741749763489,-0.208419895172121,14.2666015625,10.9449580192566,3.32164354324341
2019-08-01,2019,8,2.209,1.3902,0.8188,1.41930616,0.4608787343,0.9584274257,17.8845405578613,17.8764290809631,0.00811147689819336,15.4873046875,11.915620970726,3.57168371677399
2019-09-01,2019,9,0.895,0.66065,0.23435,0.884135008,0.5544996596,0.3296353484,18.9701976776123,18.0258352279663,0.944362449645997,15.18212890625,13.6168226718903,1.56530623435974
2019-10-01,2019,10,0.351,0.37995,-0.02895,1.01950729,0.69874043345,0.32076685655,17.5038089752197,17.4962595939636,0.00754938125610494,21.13330078125,17.8532571792603,3.28004360198975
2019-11-01,2019,11,0.099,0.4416,-0.3426,0.564531147,0.82309958385,-0.25856843685,16.4218826293945,16.4035037994385,0.0183788299560561,28.6103515625,26.1610684394836,2.44928312301636
2019-12-01,2019,12,0,0.63015,-0.63015,1.04153824,0.8424282761,0.1991099639,15.4343280792236,15.0725264072418,0.361801671981812,37.61328125,35.6223747253418,1.9909065246582
2020-01-01,2020,1,1.559,0.70535,0.85365,0.577193797,0.92992950395,-0.35273570695,14.6121673583984,14.3404020309448,0.271765327453613,42.49609375,42.314802646637,0.181291103363037
2020-02-01,2020,2,0.949,2.11975,-1.17075,0.451889247,1.0686491202,-0.6167598732,14.0892601013184,14.0687849998474,0.0204751014709466,37.0029296875,44.5298567771912,-7.52692708969116
2020-03-01,2020,3,0.748,4.2026,-3.4546,0.479104161,1.4590027737,-0.9798986127,14.0830307006836,14.0126104354858,0.0704202651977539,36.392578125,42.4436860084534,-6.05110788345337
2020-04-01,2020,4,4.324,9.19405,-4.87005,0.816647291,1.80860580785,-0.99195851685,14.2362642288208,14.0841060638428,0.152158164978028,27.847412109375,36.0964561462402,-8.24904403686524
2020-05-01,2020,5,7.407,8.1264,-0.7194,0.781436443,1.36235628135,-0.58091983835,15.6783123016357,14.6993061542511,0.979006147384643,18.081298828125,25.7722592830658,-7.6909604549408
2020-06-01,2020,6,3.57,5.2242,-1.6542,1.01567209,0.72587005265,0.28980203735,16.3733978271484,15.6405335426331,0.732864284515381,15.639892578125,16.3462732553482,-0.706380677223205
2020-07-01,2020,7,2.035,2.1689,-0.1339,1.0887295,0.53026488615,0.55846461385,17.2178821563721,17.0741749763489,0.143707180023192,10.45166015625,10.9449580192566,-0.493297863006593
2020-08-01,2020,8,2.548,1.3902,1.1578,0.663292229,0.4608787343,0.2024134947,17.7208309173584,17.8764290809631,-0.155598163604736,9.9680004119873,11.915620970726,-1.94762055873871
2020-09-01,2020,9,0.388,0.66065,-0.27265,0.821286976,0.5544996596,0.2667873164,18.7847709655762,18.0258352279663,0.758935737609864,13.2030000686646,13.6168226718903,-0.413822603225707
2020-10-01,2020,10,0.06,0.37995,-0.31995,0.907509983,0.69874043345,0.20876954955,18.6845264434814,17.4962595939636,1.18826684951782,16.3859996795654,17.8532571792603,-1.46725749969482
2020-11-01,2020,11,1.122,0.4416,0.6804,1.47543454,0.82309958385,0.65233495615,16.0816192626953,16.4035037994385,-0.321884536743163,26.32200050354,26.1610684394836,0.160932064056396
2020-12-01,2020,12,1.21,0.63015,0.57985,1.16220129,0.8424282761,0.3197730139,14.4275035858154,15.0725264072418,-0.645022821426391,30.8689994812012,35.6223747253418,-4.75337524414063
2021-01-01,2021,1,2.069,0.70535,1.36365,1.25871611,0.92992950395,0.32878660605,13.8054494857788,14.3404020309448,-0.534952545166016,31.2040004730225,42.314802646637,-11.1108021736145
2021-02-01,2021,2,6.091,2.11975,3.97125,1.88258851,1.0686491202,0.8139393898,13.2876033782959,14.0687849998474,-0.781181621551514,36.2649993896484,44.5298567771912,-8.26485738754273
2021-03-01,2021,3,7.714,4.2026,3.5114,2.0680337,1.4590027737,0.6090309263,12.9017057418823,14.0126104354858,-1.11090469360352,33.7350006103516,42.4436860084534,-8.70868539810181
2021-04-01,2021,4,11.11,9.19405,1.91595,1.36357474,1.80860580785,-0.44503106785,13.5574445724487,14.0841060638428,-0.526661491394043,23.673999786377,36.0964561462402,-12.4224563598633
2021-05-01,2021,5,9.364,8.1264,1.2376,0.861337781,1.36235628135,-0.50101850035,14.0181579589844,14.6993061542511,-0.681148195266724,17.1450004577637,25.7722592830658,-8.62725882530212
2021-06-01,2021,6,4.457,5.2242,-0.7672,0.495666027,0.72587005265,-0.23020402565,15.5530967712402,15.6405335426331,-0.0874367713928219,14.9659996032715,16.3462732553482,-1.38027365207672
2021-07-01,2021,7,2.448,2.1689,0.2791,0.266336977,0.53026488615,-0.26392790915,17.4184036254883,17.0741749763489,0.344228649139403,7.89799976348877,10.9449580192566,-3.04695825576782
2021-08-01,2021,8,1.012,1.3902,-0.3782,0.281259239,0.4608787343,-0.1796194953,18.2232360839844,17.8764290809631,0.34680700302124,8.61600017547607,11.915620970726,-3.29962079524994
2021-09-01,2021,9,0.642,0.66065,-0.0186499999999999,0.757650912,0.5544996596,0.2031512524,18.0787525177002,18.0258352279663,0.0529172897338874,9.36200046539307,13.6168226718903,-4.25482220649719
2021-10-01,2021,10,0.695,0.37995,0.31505,1.46030414,0.69874043345,0.76156370655,16.9314308166504,17.4962595939636,-0.564828777313231,16.6319999694824,17.8532571792603,-1.22125720977783
2021-11-01,2021,11,0.322,0.4416,-0.1196,0.959668875,0.82309958385,0.13656929115,16.2884197235107,16.4035037994385,-0.115084075927733,19.3349990844727,26.1610684394836,-6.82606935501099
2021-12-01,2021,12,0.617,0.63015,-0.01315,0.594225049,0.8424282761,-0.2482032271,14.8705558776855,15.0725264072418,-0.201970529556274,27.6380004882812,35.6223747253418,-7.98437423706055
2022-01-01,2022,1,0.659,0.70535,-0.04635,1.06343198,0.92992950395,0.13350247605,14.1176614761353,14.3404020309448,-0.222740554809571,34.1069984436035,42.314802646637,-8.20780420303345
2022-02-01,2022,2,1.907,2.11975,-0.21275,0.944497526,1.0686491202,-0.1241515942,13.9044647216797,14.0687849998474,-0.164320278167725,31.8560009002686,44.5298567771912,-12.6738558769226
2022-03-01,2022,3,6.462,4.2026,2.2594,2.14229965,1.4590027737,0.6832968763,13.8258094787598,14.0126104354858,-0.186800956726074,31.2609996795654,42.4436860084534,-11.1826863288879
2022-04-01,2022,4,15.016,9.19405,5.82195,3.39912152,1.80860580785,1.59051571215,13.8899574279785,14.0841060638428,-0.194148635864257,22.5470008850098,36.0964561462402,-13.5494552612305
2022-05-01,2022,5,17.077,8.1264,8.9506,2.47701406,1.36235628135,1.11465777865,14.03209400177,14.6993061542511,-0.667212152481079,16.2679996490479,25.7722592830658,-9.50425963401795
2022-06-01,2022,6,10.682,5.2242,5.4578,0.491131067,0.72587005265,-0.23473898565,15.727557182312,15.6405335426331,0.0870236396789554,7.81300020217896,16.3462732553482,-8.53327305316925
2022-07-01,2022,7,4.729,2.1689,2.5601,0.386658847,0.53026488615,-0.14360603915,17.2852420806885,17.0741749763489,0.211067104339598,7.19500017166138,10.9449580192566,-3.74995784759522
2022-08-01,2022,8,3.905,1.3902,2.5148,0.459677786,0.4608787343,-0.0012009483,18.5286712646484,17.8764290809631,0.652242183685303,6.96799993515015,11.915620970726,-4.94762103557587
2022-09-01,2022,9,0.924,0.66065,0.26335,0.546919405,0.5544996596,-0.0075802546,18.8641872406006,18.0258352279663,0.838352012634278,7.07499980926514,13.6168226718903,-6.54182286262512
2022-10-01,2022,10,0.315,0.37995,-0.06495,0.804358244,0.69874043345,0.10561781055,17.814136505127,17.4962595939636,0.317876911163331,9.10400009155273,17.8532571792603,-8.74925708770752
2022-11-01,2022,11,1.161,0.4416,0.7194,1.24305809,0.82309958385,0.41995850615,15.6584300994873,16.4035037994385,-0.74507369995117,26.0049991607666,26.1610684394836,-0.156069278717041
2022-12-01,2022,12,0.412,0.63015,-0.21815,1.39892042,0.8424282761,0.5564921439,14.6003732681274,15.0725264072418,-0.472153139114379,28.6860008239746,35.6223747253418,-6.93637390136719
2023-01-01,2023,1,0.239,0.70535,-0.46635,1.42784965,0.92992950395,0.49792014605,14.0940284729004,14.3404020309448,-0.246373558044434,30.9029998779297,42.314802646637,-11.4118027687073
2023-02-01,2023,2,2.109,2.11975,-0.0107499999999998,1.13462126,1.0686491202,0.0659721398000002,13.3351430892944,14.0687849998474,-0.733641910552979,41.8110008239746,44.5298567771912,-2.71885595321655
2023-03-01,2023,3,5.085,4.2026,0.8824,1.45741916,1.4590027737,-0.00158361370000004,12.8844566345215,14.0126104354858,-1.12815380096436,39.8219985961914,42.4436860084534,-2.62168741226196
2023-04-01,2023,4,18.358,9.19405,9.16395,1.67987287,1.80860580785,-0.12873293785,12.9768171310425,14.0841060638428,-1.10728893280029,28.9930000305176,36.0964561462402,-7.10345611572266
2023-05-01,2023,5,7.251,8.1264,-0.8754,0.831233978,1.36235628135,-0.53112230335,14.1543922424316,14.6993061542511,-0.544913911819458,14.0019998550415,25.7722592830658,-11.7702594280243
2023-06-01,2023,6,3.596,5.2242,-1.6282,0.229485467,0.72587005265,-0.49638458565,15.1501502990723,15.6405335426331,-0.490383243560791,9.22599983215332,16.3462732553482,-7.12027342319488
2023-07-01,2023,7,4.245,2.1689,2.0761,0.212471515,0.53026488615,-0.31779337115,15.9750890731812,17.0741749763489,-1.09908590316773,7.86899995803833,10.9449580192566,-3.07595806121826
2023-08-01,2023,8,1.982,1.3902,0.5918,0.278181016,0.4608787343,-0.1826977183,17.9309005737305,17.8764290809631,0.054471492767334,7.31799983978271,11.915620970726,-4.5976211309433
2023-09-01,2023,9,0.21,0.66065,-0.45065,0.470434666,0.5544996596,-0.0840649936,18.4827976226807,18.0258352279663,0.456962394714356,9.4379997253418,13.6168226718903,-4.17882294654846
2023-10-01,2023,10,0.291,0.37995,-0.08895,0.402221203,0.69874043345,-0.29651923045,17.7399654388428,17.4962595939636,0.243705844879152,17.0069999694824,17.8532571792603,-0.846257209777832
2023-11-01,2023,11,0.018,0.4416,-0.4236,0.409016848,0.82309958385,-0.41408273585,17.0682716369629,16.4035037994385,0.664767837524415,21.2029991149902,26.1610684394836,-4.95806932449341
2023-12-01,2023,12,0.144,0.63015,-0.48615,0.33540976,0.8424282761,-0.5070185161,16.1214179992676,15.0725264072418,1.04889159202576,30.1989994049072,35.6223747253418,-5.42337532043457
2024-01-01,2024,1,0.8,0.70535,0.09465,0.470394582,0.92992950395,-0.45953492195,15.0565233230591,14.3404020309448,0.716121292114257,41.3030014038086,42.314802646637,-1.01180124282837
2024-02-01,2024,2,0.35,2.11975,-1.76975,0.620196819,1.0686491202,-0.4484523012,14.8396005630493,14.0687849998474,0.770815563201904,43.5040016174316,44.5298567771912,-1.02585515975952
2024-03-01,2024,3,2.424,4.2026,-1.7786,1.23639977,1.4590027737,-0.2226030037,14.7844514846802,14.0126104354858,0.771841049194336,49.314998626709,42.4436860084534,6.87131261825562
2024-04-01,2024,4,6.664,9.19405,-2.53005,2.48219085,1.80860580785,0.67358504215,14.1794128417969,14.0841060638428,0.0953067779541019,49.9389991760254,36.0964561462402,13.8425430297852
2024-05-01,2024,5,10.657,8.1264,2.5306,2.12294412,1.36235628135,0.76058783865,14.6763048171997,14.6993061542511,-0.023001337051392,38.0379981994629,25.7722592830658,12.2657389163971
2024-06-01,2024,6,10.962,5.2242,5.7378,0.400533319,0.72587005265,-0.32533673365,15.4054317474365,15.6405335426331,-0.235101795196533,21.7940006256104,16.3462732553482,5.44772737026215
2024-07-01,2024,7,5.267,2.1689,3.0981,0.23376438,0.53026488615,-0.29650050615,17.0878086090088,17.0741749763489,0.0136336326599107,13.2980003356934,10.9449580192566,2.35304231643677
2024-08-01,2024,8,4.756,1.3902,3.3658,0.290029973,0.4608787343,-0.1708487613,17.9409866333008,17.8764290809631,0.0645575523376465,16.011999130249,11.915620970726,4.09637815952301
2024-09-01,2024,9,2.25,0.66065,1.58935,0.548132241,0.5544996596,-0.00636741860000001,17.7399806976318,18.0258352279663,-0.285854530334472,16.8190002441406,13.6168226718903,3.20217757225037
2024-10-01,2024,10,1.134,0.37995,0.75405,0.795991778,0.69874043345,0.09725134455,17.2636127471924,17.4962595939636,-0.232646846771239,17.7129993438721,17.8532571792603,-0.140257835388184
2024-11-01,2024,11,1.526,0.4416,1.0844,1.39316487,0.82309958385,0.57006528615,15.4971561431885,16.4035037994385,-0.906347656249999,27.6009998321533,26.1610684394836,1.43993139266968
2024-12-01,2024,12,1.265,0.63015,0.63485,0.914233208,0.8424282761,0.0718049318999999,14.7511224746704,15.0725264072418,-0.32140393257141,30.3990001678467,35.6223747253418,-5.22337455749512
2025-01-01,2025,1,-0.191,0.70535,-0.89635,1.61269915,0.92992950395,0.68276964605,14.2232837677002,14.3404020309448,-0.117118263244629,35.1780014038086,42.314802646637,-7.13680124282837
2025-02-01,2025,2,3.78,2.11975,1.66025,2.04927397,1.0686491202,0.9806248498,13.8570537567139,14.0687849998474,-0.211731243133546,37.9529991149902,44.5298567771912,-6.57685766220093
2025-03-01,2025,3,7.378,4.2026,3.1754,8.80912304,1.4590027737,7.3501202663,13.8694591522217,14.0126104354858,-0.14315128326416,36.4360008239746,42.4436860084534,-6.00768518447876
2025-04-01,2025,4,NA,NA,NA,1.25244713,1.80860580785,-0.55615867785,14.2819852828979,14.0841060638428,0.197879219055176,30.1669998168945,36.0964561462402,-5.9294563293457
2025-05-01,2025,5,NA,NA,NA,1.44822788,1.36235628135,0.0858715986499998,15.0352439880371,14.6993061542511,0.33593783378601,22.6490001678467,25.7722592830658,-3.12325911521912
2025-06-01,2025,6,NA,NA,NA,0.536125422,0.72587005265,-0.18974463065,16.1797428131104,15.6405335426331,0.539209270477295,17.1299991607666,16.3462732553482,0.783725905418397
2025-07-01,2025,7,NA,NA,NA,0.712729454,0.53026488615,0.18246456785,16.9538764953613,17.0741749763489,-0.12029848098755,13.2220001220703,10.9449580192566,2.27704210281372
2025-08-01,2025,8,NA,NA,NA,0.360721618,0.4608787343,-0.1001571163,17.7347717285156,17.8764290809631,-0.14165735244751,11.6890001296997,11.915620970726,-0.226620841026307
2025-09-01,2025,9,NA,NA,NA,0.943742037,0.5544996596,0.3892423774,18.9066486358643,18.0258352279663,0.88081340789795,8.87600040435791,13.6168226718903,-4.74082226753235
2025-10-01,2025,10,NA,NA,NA,0.409564286,0.69874043345,-0.28917614745,18.270112991333,17.4962595939636,0.773853397369386,16.3120002746582,17.8532571792603,-1.54125690460205
2025-11-01,2025,11,NA,NA,NA,NA,NA,NA,17.3542079925537,16.4035037994385,0.950704193115236,20.5820007324219,26.1610684394836,-5.57906770706177
2025-12-01,2025,12,NA,NA,NA,NA,NA,NA,16.5591220855713,15.0725264072418,1.48659567832947,NA,NA,NA
