"date","mhw_period","ci_anom","pred_m1","pred_m2","pred_m3"
"2017-04-01","Before MHW",0.00189103690920644,0.00225461065871441,-0.00110981133409971,0.00164047614698753
"2017-05-01","Before MHW",0.00343681476804458,0.00225461065871448,-0.00237281492339337,0.00044440759659124
"2017-06-01","Before MHW",-0.00597232665765546,0.00225461065871442,-0.0018748517354962,0.000915980372272696
"2017-07-01","Before MHW",-0.00960096742402095,0.00225461065871442,0.000140474292646348,0.00282450074504897
"2017-08-01","Before MHW",0.00300325803280277,0.00225461065871442,0.00191258891355172,0.00450269911576609
"2017-09-01","Before MHW",0.0102967970751828,0.00225461065871442,0.00313131515175377,0.00565683686914457
"2017-10-01","Before MHW",0.00866579388030742,0.00225461065871442,4.80727993222175e-05,0.00273699622715884
"2017-11-01","Before MHW",0.0112696293976864,0.00225461065871442,-0.00102949975578995,0.00171653147562102
"2018-01-01","Before MHW",0.00350611369674469,0.00225461065871442,-0.000881516055776372,0.00185667252593785
"2018-02-01","Before MHW",-0.000709155357049518,0.00225461065871442,-0.00122953289511866,0.00152709943519276
"2018-03-01","Before MHW",0.00275068778768994,0.00225461065871442,-0.00173597472471422,0.00104749735795464
"2018-04-01","Before MHW",0.00181397778558412,0.00225461065871442,-0.000561839861370371,0.00215940693277611
"2018-05-01","Before MHW",0.00255934111567524,0.00225461065871442,-0.00104449439064544,0.00170233150712738
"2018-06-01","Before MHW",-0.00218478539995726,0.00225461065871442,-0.00330051963589231,-0.000434131815395
"2018-07-01","Before MHW",0.00522194186006919,0.00225461065871442,0.00252705491886011,0.00508460044246625
"2018-08-01","Before MHW",-0.00755571074727435,0.00225461065871442,0.00195655224087671,0.00454433253124483
"2018-09-01","Before MHW",-0.00270839122745237,0.00225461065871442,0.00262416676868334,0.00517656568344339
"2018-10-01","Before MHW",0.00879012498971266,0.00225461065871442,0.000440602507581059,0.00310872315107615
"2018-11-01","Before MHW",0.0121689640144653,0.00225461065871442,-0.00155862980252287,0.00121544358218048
"2018-12-01","Before MHW",-0.00172671867865759,0.00225461065871442,-0.00116523652890586,0.00158798830533041
"2019-01-01","Before MHW",0.00360148318046893,0.00225461065871442,-0.0012112410107138,0.0015444219098473
"2019-02-01","Before MHW",0.00208568563413558,0.00225461065871442,-0.00139596549142041,0.00136948721945182
"2019-03-01","Before MHW",0.00198708760943189,0.00225461065871442,-0.000878689841876908,0.00185934895979005
"2019-04-01","Before MHW",0.00161316337047634,0.00225461065871442,-0.00185875801745758,0.0009312211761533
"2019-05-01","Before MHW",0.0021614208522438,0.00225461065871442,-0.00110415890630079,0.00164582901469195
"2019-06-01","During MHW",0.000332703162458259,-0.005587080443745,-0.00221556752226487,-0.00583606313738482
"2019-07-01","During MHW",-0.00664775759546976,-0.005587080443745,-0.00703496877432528,-0.0104000519638568
"2019-08-01","During MHW",-0.0189702611420153,-0.005587080443745,-0.00604634345110456,-0.00946382053327869
"2019-09-01","During MHW",-0.0239797323770854,-0.005587080443745,-0.00486058970839625,-0.00834090784150926
"2019-10-01","During MHW",-0.0116504618527169,-0.005587080443745,0.00215988262975479,-0.00169249746186329
"2019-11-01","During MHW",5.79098206026085e-05,-0.005587080443745,0.000568881216240049,-0.00319918102988495
"2019-12-01","During MHW",0.00479865173446403,-0.005587080443745,-0.000348774735727472,-0.00406820423261885
"2020-01-01","During MHW",-0.0107814014380614,-0.005587080443745,-0.000762187024465684,-0.00445970702888857
"2020-02-01","During MHW",0.00575015614139307,-0.005587080443745,-0.00125465479644723,-0.00492607562763523
"2020-03-01","During MHW",-0.00196175755432715,-0.005587080443745,-0.00170614246688655,-0.00535363593552493
"2020-04-01","During MHW",0.00133417019840776,-0.005587080443745,0.000623599857571332,-0.00314736229669088
"2020-05-01","During MHW",-0.00532718442258984,-0.005587080443745,-0.00255494870802547,-0.00615745823580373
"2020-06-01","After MHW",-0.00683383782652003,-1.37319242582692e-05,-0.00614086460485329,-0.00653482815575584
"2020-07-01","After MHW",-0.00851740198672513,-1.37319242582683e-05,-0.0083632893070732,-0.0086394716535909
"2020-08-01","After MHW",0.010739705395475,-1.37319242582683e-05,-0.00184627557273495,-0.00246783822656127
"2020-09-01","After MHW",0.0158434127504712,-1.37319242582666e-05,-0.00331402265785641,-0.00385779954047289
"2020-10-01","After MHW",0.000292555291367513,-1.37319242582702e-05,-0.000926970995992746,-0.00159725377074692
"2020-11-01","After MHW",-0.00927274779350684,-1.37319242582683e-05,0.00110115150063904,0.000323384899749072
"2020-12-01","After MHW",0.00539877218154006,-1.37319242582701e-05,-0.0011448249840764,-0.00180356221352103
"2021-01-01","After MHW",0.00193383207089637,-1.37319242582703e-05,-0.00121909160487898,-0.00187389294752619
"2021-02-01","After MHW",-0.000188103014553853,-1.37319242582702e-05,0.000351576769747954,-0.000386464834163438
"2021-03-01","After MHW",-0.00343161160403926,-1.37319242582705e-05,0.000193701321086248,-0.000535973402962982
"2021-04-01","After MHW",-0.00261166686031022,-1.37319242582705e-05,0.00142436046241937,0.000629464848902586
"2021-05-01","After MHW",-0.00234415240176444,-1.37319242582705e-05,0.00551860233144239,0.00450672535612976
"2021-06-01","After MHW",0.00907371344992836,-1.37319242582683e-05,0.00479658318607108,0.00382297085227625
"2021-07-01","After MHW",0.00612051496152932,-1.37319242582701e-05,0.0022915370939048,0.00145068396922072
"2021-08-01","After MHW",-0.00220496533378234,-1.37319242582705e-05,0.00122644698351526,0.000442040133863475
"2021-09-01","After MHW",-0.00884894027536798,-1.37319242582683e-05,-0.00192132725295404,-0.00253891241441426
"2021-10-01","After MHW",-0.00864074776394652,-1.37319242582683e-05,-0.000278511917949139,-0.000983160892435512
"2021-11-01","After MHW",-0.00560143650251366,-1.37319242582701e-05,-0.00131055102690329,-0.00196050532079892
"2021-12-01","After MHW",-0.0117124148480617,-1.37319242582683e-05,-0.000746014800485419,-0.00142588765882103
"2022-01-01","After MHW",-0.00162502954423505,-1.37319242582703e-05,-0.000222066145901517,-0.000929706560776203
"2022-02-01","After MHW",-0.00491735933756143,-1.37319242582701e-05,-0.00090451829668034,-0.00157599099069885
"2022-03-01","After MHW",0.00111037280497883,-1.37319242582701e-05,-0.000737379146903725,-0.00141770966649486
"2022-04-01","After MHW",-0.00404068140336444,-1.37319242582701e-05,-0.000789507092160499,-0.00146707500199108
"2022-05-01","After MHW",-0.000486239911609676,-1.37319242582701e-05,-0.00105077486597758,-0.00171449644255044
"2022-06-01","After MHW",0.00558453327174679,-1.37319242582701e-05,0.0028307944071108,0.00196136241729833
"2022-07-01","After MHW",0.0134236701846178,-1.37319242582683e-05,0.00842442125574095,0.00725854542850486
"2022-08-01","After MHW",0.0149879737947942,-1.37319242582683e-05,0.0133367735427171,0.0119105591905605
"2022-09-01","After MHW",0.0093968540542515,-1.37319242582683e-05,0.00785266248269112,0.0067170879911269
"2022-10-01","After MHW",0.00254273545527606,-1.37319242582705e-05,0.00330292914020453,0.00240847556138607
"2022-11-01","After MHW",-0.00862231893673338,-1.37319242582683e-05,0.00323180275706803,0.00234111864277226
"2022-12-01","After MHW",-0.0078416631797229,-1.37319242582683e-05,-0.000303241289569447,-0.0010065796886423
"2023-01-01","After MHW",0.000853251281181189,-1.37319242582703e-05,-0.000818711302454957,-0.00149473148513052
