"model","term","estimate","se","t","p"
"m0","(Intercept)",-0.000153935733200504,0.000880243765444716,-0.174878527112012,0.861672825870544
"m1","(Intercept)",0.00201432193252744,0.00134102934904411,1.50207147514203,0.137641544116134
"m1","mhw_periodDuring MHW",-0.00760140237627245,0.00244837341582644,-3.10467444513836,0.00276242080578874
"m1","mhw_periodAfter MHW",-0.00202805385678571,0.00183628006186983,-1.10443602743288,0.273240596898805
"m2","(Intercept)",-0.00071673208424931,0.000844997332763956,-0.848206327355975,0.399343240192205
"m2","beuti_anom_lag3",0.00157011883303537,0.000399034141069491,3.93479823262024,0.000200411585779572
"m3","(Intercept)",0.00201272348859834,0.00132488414371743,1.51916942937435,0.133569311175133
"m3","mhw_periodDuring MHW",-0.00642938453969726,0.00235447177091498,-2.73071209394824,0.00812550768332447
"m3","mhw_periodAfter MHW",-0.00341088031889514,0.0017926509665585,-1.90270185469695,0.0615106769506934
"m3","beuti_anom_lag3",0.00148690769566926,0.000400022482453618,3.71706031758269,0.000421731436315644
"m4","(Intercept)",0.00220614422915861,0.00134197074469225,1.64395851242236,0.105166472440291
"m4","mhw_periodDuring MHW",-0.00580304209585975,0.00249903352444087,-2.32211454512524,0.0234722345883691
"m4","mhw_periodAfter MHW",-0.00358707806683288,0.00183156693250714,-1.9584750102049,0.0546049679272293
"m4","beuti_anom_lag3",0.000297928604702602,0.0012703323282504,0.234528082201082,0.815335588266244
"m4","mhw_periodDuring MHW:beuti_anom_lag3",0.00223041107267001,0.00169554886152061,1.31545078015016,0.193125871666691
"m4","mhw_periodAfter MHW:beuti_anom_lag3",0.00117048115715949,0.0013496596096259,0.867241746594113,0.389100842242426
"m5","(Intercept)",-0.00138326375067968,0.000924330688826957,-1.49650311019657,0.139596159057795
"m5","beuti_anom_lag3",0.00130007847684689,0.000433988959615945,2.99564873262533,0.00393302305553338
"m5","chla_anom",-0.00223534204385942,0.00166677943279089,-1.34111448694596,0.184775803710786
"m5","sst_anom",0.00295510188738477,0.00159820194901632,1.84901657090558,0.0692243092328109
"m5","mld_anom_lag5",-0.000197799108171623,0.000147699239680155,-1.33920193902122,0.185394020422073
"m6","(Intercept)",0.00160490639742384,0.0018942588011444,0.847247692054667,0.400224034881762
"m6","mhw_periodDuring MHW",-0.00610255683138896,0.00241320820995575,-2.52881488062767,0.0140922716892803
"m6","mhw_periodAfter MHW",-0.00343057862213774,0.00303708296008997,-1.12956368568744,0.26315584183051
"m6","beuti_anom_lag3",0.00112066362931051,0.000425221870547066,2.6354797505329,0.0106773278365573
"m6","chla_anom",-0.00256820959416015,0.0016746230474082,-1.533604591275,0.130383408707697
"m6","sst_anom",0.00166438947250649,0.00185827678729185,0.895662844140716,0.374012197816921
"m6","mld_anom_lag5",-0.000266592416477226,0.000206296623017354,-1.29227717147265,0.201216165106417
