"variable","anova_F","anova_p","before_vs_during_p","before_vs_after_p","during_vs_after_p","shapiro_W","shapiro_p","levene_p"
"ci",1.23528889292205,0.297099567705165,0.120803157113755,0.832408951925973,0.147313090123332,0.896855685038497,2.29514752668142e-05,0.129695739567525
"ci_anom",4.83074458360601,0.010876745704346,0.00207396767764222,0.24000796561077,0.0475793972832593,0.989076119020918,0.792369718389949,0.0353348643656411
"beuti",0.866395457258546,0.424923656510229,0.358911597945093,0.529386241411428,0.222540385413252,0.819704728034644,5.17175915790253e-08,0.377346887181046
"beuti_anom",6.65466472259259,0.00226023731454303,0.208612458688556,0.00679051503692167,0.00767944433339564,0.931894746522499,0.000690849764202794,0.343075227617679
"chla",1.41982847379048,0.248630950244636,0.517694369340474,0.264524463806663,0.116877869640164,0.835752861977409,1.54910138735843e-07,0.237083667306227
"chla_anom",4.45912569234863,0.015039053843233,0.713430513646585,0.0092934949343574,0.0261749399142547,0.946986244259665,0.00399611343770689,0.27208612614413
"sst",0.0833786990812123,0.920093906251673,0.995866765271908,0.711063260459914,0.79006990528222,0.923167661560348,0.000268817172231983,0.301521392082184
"sst_anom",14.0997156012866,7.15512741639388e-06,0.0485377556020927,3.15714011565737e-06,0.042552452151076,0.980738378869169,0.327987366956954,0.190058805487476
"mld",7.47682220364832,0.00114040969251289,0.193498750098568,0.000381194260054076,0.088051752182568,0.968222881356815,0.0621760193739626,0.0159439530651833
"mld_anom",30.882939857365,2.42844121468618e-10,0.00905254129194472,7.41776323995526e-11,0.00301521296297601,0.969002028844829,0.0690841118499134,0.918240975640033
