"variable","lag","n","r","p"
"beuti_anom",0,72,-0.0102091528944692,0.932171062831527
"beuti_anom",1,71,0.129965231095148,0.28002734717214
"beuti_anom",2,70,0.254588073694957,0.033431320675601
"beuti_anom",3,69,0.433252621078318,0.000200411585779572
"beuti_anom",4,68,0.408266892649289,0.000547945738808565
"beuti_anom",5,67,0.195036921590135,0.113733370447025
"chla_anom",0,72,-0.235640139450965,0.0463014416846965
"chla_anom",1,71,-0.1752358193336,0.143825908988348
"chla_anom",2,70,-0.0129555298655969,0.915228123523852
"chla_anom",3,69,0.16731298900966,0.169403205427367
"chla_anom",4,68,0.150387194211827,0.220911223883028
"chla_anom",5,67,0.0837961884980004,0.500196496665532
"sst_anom",0,72,0.227732606294841,0.0543648188134811
"sst_anom",1,71,0.0111682544645741,0.926350152272408
"sst_anom",2,70,0.0757674905972019,0.533022163454793
"sst_anom",3,69,0.0909212496748829,0.457486526701171
"sst_anom",4,68,-0.0713247385634715,0.563269921659498
"sst_anom",5,67,-0.0665255225305563,0.592732553791295
"mld_anom",0,72,0.0150014031265056,0.900467855562332
"mld_anom",1,71,0.0100986581425942,0.933386779041267
"mld_anom",2,70,-0.0132155833017579,0.913532981207885
"mld_anom",3,69,-0.0708856120915774,0.562729599743915
"mld_anom",4,68,-0.165160402964045,0.178314951151433
"mld_anom",5,67,-0.254093164333997,0.0379968431316645
