year,month,34N
1988,1,1.411
1988,2,0.828
1988,3,3.321
1988,4,1.346
1988,5,5.891
1988,6,2.674
1988,7,0.59
1988,8,0.189
1988,9,0.122
1988,10,0.2
1988,11,1.434
1988,12,1.945
1989,1,3.608
1989,2,2.001
1989,3,4.084
1989,4,2.347
1989,5,5.333
1989,6,2.153
1989,7,1.042
1989,8,0.261
1989,9,0.262
1989,10,0.142
1989,11,0.079
1989,12,0.152
1990,1,0.833
1990,2,4.277
1990,3,2.907
1990,4,1.728
1990,5,1.993
1990,6,1.878
1990,7,0.197
1990,8,0.046
1990,9,0.095
1990,10,0.024
1990,11,0.223
1990,12,0.78
1991,1,0.445
1991,2,0.993
1991,3,2.78
1991,4,7.569
1991,5,11.825
1991,6,2.003
1991,7,0.276
1991,8,0.408
1991,9,0.098
1991,10,0.093
1991,11,0.63
1991,12,-0.158
1992,1,0.288
1992,2,-0.305
1992,3,0.145
1992,4,1.055
1992,5,0.528
1992,6,0.736
1992,7,0.258
1992,8,0.035
1992,9,0.015
1992,10,0.003
1992,11,0.015
1992,12,0.305
1993,1,0.047
1993,2,0.342
1993,3,1.256
1993,4,5.975
1993,5,1.813
1993,6,0.934
1993,7,0.07
1993,8,0.075
1993,9,0.026
1993,10,0.008
1993,11,0.06
1993,12,0.059
1994,1,0.437
1994,2,0.345
1994,3,1.128
1994,4,4.992
1994,5,3.585
1994,6,2.226
1994,7,0.176
1994,8,0.136
1994,9,0.015
1994,10,0.14
1994,11,0.712
1994,12,0.394
1995,1,0.104
1995,2,0.491
1995,3,0.658
1995,4,4.285
1995,5,3.146
1995,6,3.246
1995,7,0.836
1995,8,0.107
1995,9,0.105
1995,10,0.005
1995,11,0.128
1995,12,0.469
1996,1,1.266
1996,2,0.927
1996,3,1.91
1996,4,4.234
1996,5,1.563
1996,6,1.622
1996,7,0.255
1996,8,0.184
1996,9,0.015
1996,10,0.263
1996,11,0.932
1996,12,0.373
1997,1,0.761
1997,2,4.816
1997,3,1.85
1997,4,4.255
1997,5,1.061
1997,6,0.535
1997,7,0.23
1997,8,0.001
1997,9,0
1997,10,0
1997,11,0
1997,12,0.012
1998,1,0.04
1998,2,0.357
1998,3,1.003
1998,4,2.799
1998,5,1.398
1998,6,0.535
1998,7,0.359
1998,8,0.008
1998,9,0.004
1998,10,0.147
1998,11,0.61
1998,12,2.881
1999,1,1.185
1999,2,2.962
1999,3,3.6
1999,4,6.523
1999,5,3.749
1999,6,3.163
1999,7,0.399
1999,8,1.02
1999,9,0.091
1999,10,0.175
1999,11,0.455
1999,12,1.909
2000,1,1.596
2000,2,0.975
2000,3,4.616
2000,4,4.297
2000,5,3.411
2000,6,0.739
2000,7,0.686
2000,8,0.187
2000,9,0.019
2000,10,0.17
2000,11,1.349
2000,12,1.396
2001,1,1.043
2001,2,1.071
2001,3,4.06
2001,4,11.388
2001,5,0.92
2001,6,1.715
2001,7,1.092
2001,8,1.492
2001,9,0.341
2001,10,0.084
2001,11,0.304
2001,12,1.96
2002,1,3.16
2002,2,1.019
2002,3,7.164
2002,4,7.64
2002,5,10.652
2002,6,4.101
2002,7,0.867
2002,8,0.943
2002,9,0.681
2002,10,0.403
2002,11,0.233
2002,12,0.364
2003,1,0.518
2003,2,0.988
2003,3,6.31
2003,4,7.025
2003,5,7.062
2003,6,4.061
2003,7,1.448
2003,8,0.563
2003,9,0.201
2003,10,0.388
2003,11,0.502
2003,12,0.376
2004,1,2.277
2004,2,2.46
2004,3,4.466
2004,4,4.61
2004,5,6.493
2004,6,4.414
2004,7,1.053
2004,8,0.478
2004,9,0.038
2004,10,0.081
2004,11,0.227
2004,12,0.044
2005,1,0.075
2005,2,0.032
2005,3,1.234
2005,4,10.304
2005,5,3.879
2005,6,5.681
2005,7,1.842
2005,8,0.291
2005,9,0.832
2005,10,1.262
2005,11,1.278
2005,12,0.754
2006,1,3.415
2006,2,2.717
2006,3,4.951
2006,4,2.479
2006,5,5.222
2006,6,2.605
2006,7,1.502
2006,8,0.192
2006,9,0.321
2006,10,0.027
2006,11,0.098
2006,12,0.807
2007,1,1.477
2007,2,2.989
2007,3,4.795
2007,4,12.497
2007,5,7.948
2007,6,5.396
2007,7,1.12
2007,8,0.431
2007,9,0.635
2007,10,1.256
2007,11,0.392
2007,12,2.792
2008,1,-0.05
2008,2,3.766
2008,3,14.127
2008,4,15.406
2008,5,7.59
2008,6,4.55
2008,7,0.699
2008,8,0.119
2008,9,0.089
2008,10,0.306
2008,11,0.353
2008,12,0.586
2009,1,-0.15
2009,2,0.94
2009,3,4.53
2009,4,10.755
2009,5,4.861
2009,6,1.259
2009,7,0.411
2009,8,0.389
2009,9,0.112
2009,10,0.299
2009,11,0.65
2009,12,0.178
2010,1,-0.328
2010,2,0.558
2010,3,4.18
2010,4,6.638
2010,5,10.441
2010,6,5.337
2010,7,2.063
2010,8,2.13
2010,9,1.078
2010,10,0.29
2010,11,1.082
2010,12,0.908
2011,1,-0.577
2011,2,0.496
2011,3,3.637
2011,4,8.363
2011,5,10.182
2011,6,4.109
2011,7,0.767
2011,8,0.435
2011,9,0.158
2011,10,0.199
2011,11,0.217
2011,12,0.417
2012,1,0.797
2012,2,5.572
2012,3,4.823
2012,4,7.529
2012,5,9.007
2012,6,3.473
2012,7,0.892
2012,8,0.185
2012,9,0.062
2012,10,0.015
2012,11,0.012
2012,12,0.592
2013,1,2.521
2013,2,6.513
2013,3,5.762
2013,4,11.62
2013,5,12.002
2013,6,6.681
2013,7,2.135
2013,8,3.688
2013,9,3.168
2013,10,0.469
2013,11,0.127
2013,12,0.383
2014,1,0.199
2014,2,1.456
2014,3,1.414
2014,4,5.591
2014,5,5.76
2014,6,2.446
2014,7,0.296
2014,8,0.159
2014,9,0.088
2014,10,0.006
2014,11,0.003
2014,12,0.027
2015,1,-0.05
2015,2,0.191
2015,3,0.548
2015,4,3.828
2015,5,5.285
2015,6,3.96
2015,7,0.737
2015,8,0.438
2015,9,0.057
2015,10,0
2015,11,0.019
2015,12,0.471
2016,1,0.215
2016,2,0.91
2016,3,2.348
2016,4,7.229
2016,5,4.233
2016,6,8.108
2016,7,2.627
2016,8,0.89
2016,9,0.322
2016,10,0.284
2016,11,0.229
2016,12,0.532
2017,1,0.455
2017,2,1.065
2017,3,3.465
2017,4,9.74
2017,5,9.801
2017,6,7.675
2017,7,2.656
2017,8,1.191
2017,9,0.607
2017,10,0.275
2017,11,0.115
2017,12,-0.019
2018,1,0.804
2018,2,1.911
2018,3,2.557
2018,4,11.26
2018,5,9.829
2018,6,7.352
2018,7,2.906
2018,8,0.854
2018,9,0.375
2018,10,0.065
2018,11,0.009
2018,12,0.527
2019,1,-0.022
2019,2,1.873
2019,3,3.248
2019,4,5.17
2019,5,4.732
2019,6,2.585
2019,7,4.001
2019,8,2.209
2019,9,0.895
2019,10,0.351
2019,11,0.099
2019,12,0
2020,1,1.559
2020,2,0.949
2020,3,0.748
2020,4,4.324
2020,5,7.407
2020,6,3.57
2020,7,2.035
2020,8,2.548
2020,9,0.388
2020,10,0.06
2020,11,1.122
2020,12,1.21
2021,1,2.069
2021,2,6.091
2021,3,7.714
2021,4,11.11
2021,5,9.364
2021,6,4.457
2021,7,2.448
2021,8,1.012
2021,9,0.642
2021,10,0.695
2021,11,0.322
2021,12,0.617
2022,1,0.659
2022,2,1.907
2022,3,6.462
2022,4,15.016
2022,5,17.077
2022,6,10.682
2022,7,4.729
2022,8,3.905
2022,9,0.924
2022,10,0.315
2022,11,1.161
2022,12,0.412
2023,1,0.239
2023,2,2.109
2023,3,5.085
2023,4,18.358
2023,5,7.251
2023,6,3.596
2023,7,4.245
2023,8,1.982
2023,9,0.21
2023,10,0.291
2023,11,0.018
2023,12,0.144
2024,1,0.8
2024,2,0.35
2024,3,2.424
2024,4,6.664
2024,5,10.657
2024,6,10.962
2024,7,5.267
2024,8,4.756
2024,9,2.25
2024,10,1.134
2024,11,1.526
2024,12,1.265
2025,1,-0.191
2025,2,3.78
2025,3,7.378
