time,chla
8/1/2002 0:00,0.246853903
9/1/2002 0:00,0.399214655
10/1/2002 0:00,0.566728473
11/1/2002 0:00,0.463783324
12/1/2002 0:00,0.479144871
1/1/2003 0:00,0.434622526
2/1/2003 0:00,0.413606048
3/1/2003 0:00,1.28086245
4/1/2003 0:00,2.16530156
5/1/2003 0:00,1.74390435
6/1/2003 0:00,0.581314623
7/1/2003 0:00,1.03530777
8/1/2003 0:00,1.64794254
9/1/2003 0:00,2.56585169
10/1/2003 0:00,0.867803037
11/1/2003 0:00,0.905440629
12/1/2003 0:00,1.06808543
1/1/2004 0:00,0.862299681
2/1/2004 0:00,1.0210315
3/1/2004 0:00,0.735336244
4/1/2004 0:00,1.87143528
5/1/2004 0:00,1.37431228
6/1/2004 0:00,0.942114651
7/1/2004 0:00,0.441092938
8/1/2004 0:00,0.451703697
9/1/2004 0:00,0.432883799
10/1/2004 0:00,0.524977803
11/1/2004 0:00,0.496769637
12/1/2004 0:00,0.670629919
1/1/2005 0:00,0.58469677
2/1/2005 0:00,0.583432674
3/1/2005 0:00,1.8601141
4/1/2005 0:00,2.94787049
5/1/2005 0:00,1.35252345
6/1/2005 0:00,0.790939212
7/1/2005 0:00,0.736594558
8/1/2005 0:00,0.388831466
9/1/2005 0:00,0.388851106
10/1/2005 0:00,0.915441036
11/1/2005 0:00,0.734342813
12/1/2005 0:00,0.946181595
1/1/2006 0:00,2.53455901
2/1/2006 0:00,2.08690834
3/1/2006 0:00,4.10394812
4/1/2006 0:00,3.57520938
5/1/2006 0:00,1.53654587
6/1/2006 0:00,1.07750928
7/1/2006 0:00,0.886778176
8/1/2006 0:00,0.255258173
9/1/2006 0:00,0.326345921
10/1/2006 0:00,0.492593974
11/1/2006 0:00,0.435629427
12/1/2006 0:00,0.57119751
1/1/2007 0:00,1.01891053
2/1/2007 0:00,0.589440286
3/1/2007 0:00,1.19673896
4/1/2007 0:00,1.62226772
5/1/2007 0:00,1.5977571
6/1/2007 0:00,0.43088904
7/1/2007 0:00,0.309637755
8/1/2007 0:00,0.376318663
9/1/2007 0:00,0.579470754
10/1/2007 0:00,0.821990609
11/1/2007 0:00,1.0260967
12/1/2007 0:00,0.977142274
1/1/2008 0:00,0.90681237
2/1/2008 0:00,0.990822673
3/1/2008 0:00,1.73515391
4/1/2008 0:00,1.94196987
5/1/2008 0:00,1.12855172
6/1/2008 0:00,0.847649992
7/1/2008 0:00,0.402356893
8/1/2008 0:00,0.267856508
9/1/2008 0:00,0.394472599
10/1/2008 0:00,0.455091357
11/1/2008 0:00,0.610813916
12/1/2008 0:00,0.64897424
1/1/2009 0:00,1.16913986
2/1/2009 0:00,1.1142236
3/1/2009 0:00,1.59346914
4/1/2009 0:00,1.88938236
5/1/2009 0:00,1.69862521
6/1/2009 0:00,0.613035142
7/1/2009 0:00,0.64863658
8/1/2009 0:00,0.398591906
9/1/2009 0:00,0.638448775
10/1/2009 0:00,0.393141896
11/1/2009 0:00,0.614406824
12/1/2009 0:00,0.590420306
1/1/2010 0:00,0.415322512
2/1/2010 0:00,0.529883027
3/1/2010 0:00,2.4664607
4/1/2010 0:00,0.917387009
5/1/2010 0:00,2.03204417
6/1/2010 0:00,0.809327126
7/1/2010 0:00,0.698845267
8/1/2010 0:00,0.884910762
9/1/2010 0:00,1.18476176
10/1/2010 0:00,2.48813415
11/1/2010 0:00,2.91290903
12/1/2010 0:00,2.32117271
1/1/2011 0:00,1.40060556
2/1/2011 0:00,1.71515036
3/1/2011 0:00,2.19542408
4/1/2011 0:00,1.19500065
5/1/2011 0:00,1.64086127
6/1/2011 0:00,2.00823545
7/1/2011 0:00,0.522044599
8/1/2011 0:00,0.362649322
9/1/2011 0:00,0.501849771
10/1/2011 0:00,0.70714736
11/1/2011 0:00,1.05709326
12/1/2011 0:00,0.767100513
1/1/2012 0:00,0.780111253
2/1/2012 0:00,1.32833993
3/1/2012 0:00,0.82331872
4/1/2012 0:00,0.788632154
5/1/2012 0:00,1.65706444
6/1/2012 0:00,0.535547912
7/1/2012 0:00,0.493329853
8/1/2012 0:00,0.323136181
9/1/2012 0:00,0.206717417
10/1/2012 0:00,0.22856912
11/1/2012 0:00,0.436613262
12/1/2012 0:00,0.595272958
1/1/2013 0:00,1.20970845
2/1/2013 0:00,0.629895329
3/1/2013 0:00,0.825463712
4/1/2013 0:00,1.64226103
5/1/2013 0:00,0.597993135
6/1/2013 0:00,0.656361163
7/1/2013 0:00,0.50458765
8/1/2013 0:00,0.56784302
9/1/2013 0:00,0.471413136
10/1/2013 0:00,0.280592263
11/1/2013 0:00,0.410949886
12/1/2013 0:00,1.013888
1/1/2014 0:00,0.381140381
2/1/2014 0:00,3.232728
3/1/2014 0:00,0.587437272
4/1/2014 0:00,1.1400764
5/1/2014 0:00,0.737172902
6/1/2014 0:00,0.370127678
7/1/2014 0:00,0.222504839
8/1/2014 0:00,0.350206405
9/1/2014 0:00,0.382091492
10/1/2014 0:00,0.221474275
11/1/2014 0:00,0.24070473
12/1/2014 0:00,0.306065738
1/1/2015 0:00,0.346055716
2/1/2015 0:00,0.238338709
3/1/2015 0:00,0.309245318
4/1/2015 0:00,0.394019723
5/1/2015 0:00,0.409360409
6/1/2015 0:00,0.246796995
7/1/2015 0:00,0.25130859
8/1/2015 0:00,0.237260878
9/1/2015 0:00,0.225587845
10/1/2015 0:00,0.203175232
11/1/2015 0:00,0.306280583
12/1/2015 0:00,0.552949369
1/1/2016 0:00,0.751366496
2/1/2016 0:00,0.674933672
3/1/2016 0:00,1.03621006
4/1/2016 0:00,1.6322366
5/1/2016 0:00,1.48361731
6/1/2016 0:00,1.49563015
7/1/2016 0:00,0.533298373
8/1/2016 0:00,0.472811162
9/1/2016 0:00,0.441275626
10/1/2016 0:00,0.669345558
11/1/2016 0:00,0.599753737
12/1/2016 0:00,0.686097205
1/1/2017 0:00,0.744852543
2/1/2017 0:00,0.721874177
3/1/2017 0:00,1.08497405
4/1/2017 0:00,2.14201856
5/1/2017 0:00,1.41086292
6/1/2017 0:00,0.618702769
7/1/2017 0:00,0.406544685
8/1/2017 0:00,0.478192657
9/1/2017 0:00,0.464877635
10/1/2017 0:00,0.356931955
11/1/2017 0:00,0.624364913
12/1/2017 0:00,0.780782342
1/1/2018 0:00,0.897599578
2/1/2018 0:00,0.689380765
3/1/2018 0:00,0.955615461
4/1/2018 0:00,3.45232272
5/1/2018 0:00,0.609254539
6/1/2018 0:00,0.53245002
7/1/2018 0:00,1.06390452
8/1/2018 0:00,0.46196118
9/1/2018 0:00,0.855270147
10/1/2018 0:00,0.351287246
11/1/2018 0:00,0.407158226
12/1/2018 0:00,0.644792795
1/1/2019 0:00,0.660122931
2/1/2019 0:00,1.2138375
3/1/2019 0:00,1.02322543
4/1/2019 0:00,1.15005422
5/1/2019 0:00,2.2809248
6/1/2019 0:00,0.851711154
7/1/2019 0:00,0.736964166
8/1/2019 0:00,1.41930616
9/1/2019 0:00,0.884135008
10/1/2019 0:00,1.01950729
11/1/2019 0:00,0.564531147
12/1/2019 0:00,1.04153824
1/1/2020 0:00,0.577193797
2/1/2020 0:00,0.451889247
3/1/2020 0:00,0.479104161
4/1/2020 0:00,0.816647291
5/1/2020 0:00,0.781436443
6/1/2020 0:00,1.01567209
7/1/2020 0:00,1.0887295
8/1/2020 0:00,0.663292229
9/1/2020 0:00,0.821286976
10/1/2020 0:00,0.907509983
11/1/2020 0:00,1.47543454
12/1/2020 0:00,1.16220129
1/1/2021 0:00,1.25871611
2/1/2021 0:00,1.88258851
3/1/2021 0:00,2.0680337
4/1/2021 0:00,1.36357474
5/1/2021 0:00,0.861337781
6/1/2021 0:00,0.495666027
7/1/2021 0:00,0.266336977
8/1/2021 0:00,0.281259239
9/1/2021 0:00,0.757650912
10/1/2021 0:00,1.46030414
11/1/2021 0:00,0.959668875
12/1/2021 0:00,0.594225049
1/1/2022 0:00,1.06343198
2/1/2022 0:00,0.944497526
3/1/2022 0:00,2.14229965
4/1/2022 0:00,3.39912152
5/1/2022 0:00,2.47701406
6/1/2022 0:00,0.491131067
7/1/2022 0:00,0.386658847
8/1/2022 0:00,0.459677786
9/1/2022 0:00,0.546919405
10/1/2022 0:00,0.804358244
11/1/2022 0:00,1.24305809
12/1/2022 0:00,1.39892042
1/1/2023 0:00,1.42784965
2/1/2023 0:00,1.13462126
3/1/2023 0:00,1.45741916
4/1/2023 0:00,1.67987287
5/1/2023 0:00,0.831233978
6/1/2023 0:00,0.229485467
7/1/2023 0:00,0.212471515
8/1/2023 0:00,0.278181016
9/1/2023 0:00,0.470434666
10/1/2023 0:00,0.402221203
11/1/2023 0:00,0.409016848
12/1/2023 0:00,0.33540976
1/1/2024 0:00,0.470394582
2/1/2024 0:00,0.620196819
3/1/2024 0:00,1.23639977
4/1/2024 0:00,2.48219085
5/1/2024 0:00,2.12294412
6/1/2024 0:00,0.400533319
7/1/2024 0:00,0.23376438
8/1/2024 0:00,0.290029973
9/1/2024 0:00,0.548132241
10/1/2024 0:00,0.795991778
11/1/2024 0:00,1.39316487
12/1/2024 0:00,0.914233208
1/1/2025 0:00,1.61269915
2/1/2025 0:00,2.04927397
3/1/2025 0:00,8.80912304
4/1/2025 0:00,1.25244713
5/1/2025 0:00,1.44822788
6/1/2025 0:00,0.536125422
7/1/2025 0:00,0.712729454
8/1/2025 0:00,0.360721618
9/1/2025 0:00,0.943742037
10/1/2025 0:00,0.409564286
