Date,CI,CI_Ratio,Month
17-Jan-2018,0.999473151704376,0.813021556210496,1
18-Jan-2018,1.01177665196376,0.92160775387141,1
19-Jan-2018,1.00795671938561,0.905275024068964,1
20-Jan-2018,0.99624440388434,0.815334414676794,1
21-Jan-2018,1.01286843431068,0.893124908033337,1
22-Jan-2018,1.00445669602296,1.00115602796426,1
23-Jan-2018,1.00261341732208,0.965472413120981,1
24-Jan-2018,1.01309483405285,0.81574521091801,1
25-Jan-2018,1.01111144534908,0.852395813816683,1
26-Jan-2018,1.00602488477997,1.01080916645069,1
27-Jan-2018,1.00932945177124,0.937863468699093,1
28-Jan-2018,1.01597038530554,1.17473645376517,1
29-Jan-2018,0.999470160543236,0.954750238139487,1
30-Jan-2018,1.01009100503938,0.883982916623261,1
31-Jan-2018,1.00098432592984,0.921442972381786,1
01-Feb-2018,1.00561388320185,1.06942392426217,2
02-Feb-2018,1.01443619871786,0.999986350220005,2
03-Feb-2018,0.995313547008456,0.952177142743509,2
04-Feb-2018,1.00735721526377,0.921936253407697,2
05-Feb-2018,1.01300314507692,0.919028451100734,2
06-Feb-2018,1.00169341710157,1.0747055978869,2
07-Feb-2018,1.00342188513786,0.887251046903954,2
08-Feb-2018,1.00402777432904,1.15646205185533,2
09-Feb-2018,1.00349935669327,1.02580146293879,2
10-Feb-2018,1.00484186258858,1.15587528473428,2
11-Feb-2018,1.00025555314444,1.05214355377222,2
12-Feb-2018,0.995033715420373,1.02943624582802,2
13-Feb-2018,1.00556160431468,1.05407076011998,2
14-Feb-2018,0.996408070237743,0.809323477221645,2
15-Feb-2018,0.994962124694316,1.19838235853078,2
16-Feb-2018,0.995978061322759,0.862055112608204,2
17-Feb-2018,0.974075358765823,0.75095253855219,2
18-Feb-2018,0.999560564870268,1.10638995866986,2
19-Feb-2018,1.01200890658607,1.0597072664066,2
20-Feb-2018,1.00145421445781,0.908381196370117,2
21-Feb-2018,1.01161927184601,1.22866507403983,2
22-Feb-2018,1.0127505218387,1.01546818245253,2
23-Feb-2018,1.00170887040825,1.08949383906499,2
24-Feb-2018,1.00190190505852,0.749275157684124,2
25-Feb-2018,1.00544235302541,1.15965922744848,2
26-Feb-2018,0.998652823215316,0.91893312911908,2
27-Feb-2018,1.0006688160922,1.02619498740933,2
28-Feb-2018,0.995155470548253,1.06029764214456,2
01-Mar-2018,1.00161117798499,1.24727802809248,3
02-Mar-2018,1.00893554761836,1.14478829731,3
03-Mar-2018,0.998394732029226,1.14993557920694,3
04-Mar-2018,0.988468645710968,0.991397457448472,3
05-Mar-2018,0.994525128049851,0.804474322611479,3
06-Mar-2018,1.01545287101875,0.913985903626069,3
07-Mar-2018,0.998169417667413,0.884802541625654,3
08-Mar-2018,1.01216770810215,1.0125584952976,3
09-Mar-2018,1.00491206581804,0.914420237085647,3
10-Mar-2018,1.00712994945849,1.07036505078274,3
11-Mar-2018,0.999848568620568,1.10691551322365,3
12-Mar-2018,1.0099737103299,1.01300482010057,3
13-Mar-2018,1.01088048052411,1.09262770250153,3
14-Mar-2018,0.996141567138229,1.13361044702293,3
15-Mar-2018,1.0082683132917,1.00784325923034,3
16-Mar-2018,1.00154863598713,0.906615412722315,3
17-Mar-2018,1.00913211572499,1.11713640061002,3
18-Mar-2018,1.00124008921965,0.950270463671137,3
19-Mar-2018,1.0094890896968,1.03422685579397,3
20-Mar-2018,1.01642948952868,1.00303755679956,3
21-Mar-2018,1.01851878314952,1.15254333397187,3
22-Mar-2018,1.00799294875032,1.07787302178939,3
23-Mar-2018,1.01419450346153,0.977406923109614,3
24-Mar-2018,0.992404990124298,0.921693281948878,3
25-Mar-2018,0.999566784236842,0.945356194965695,3
26-Mar-2018,1.00363930279116,1.04063991450976,3
27-Mar-2018,1.01478746775399,1.07988651455658,3
28-Mar-2018,1.01180624731613,0.762946187573791,3
29-Mar-2018,1.01136883488714,0.964458952168344,3
30-Mar-2018,1.0029356883779,1.04498370089787,3
31-Mar-2018,0.995292282234289,0.91773830694487,3
01-Apr-2018,1.00723446858283,1.14463388662804,4
02-Apr-2018,0.9983364015305,0.991710580036075,4
03-Apr-2018,1.01043742427066,0.857988018398796,4
04-Apr-2018,1.00206567305829,0.988346650508758,4
05-Apr-2018,0.982089292853061,0.634312618892106,4
06-Apr-2018,1.00643198163338,1.05626039382902,4
07-Apr-2018,1.00404326137275,0.918529638452779,4
08-Apr-2018,0.998670342452862,1.00449036703513,4
09-Apr-2018,0.999086987082963,1.03935968563529,4
10-Apr-2018,1.01020418541483,1.15762095569342,4
11-Apr-2018,1.00787994985387,1.01643755899038,4
12-Apr-2018,1.00644478263213,0.97657106823688,4
13-Apr-2018,1.01207299302643,0.860950382419016,4
14-Apr-2018,0.994683762638337,1.04822136778531,4
15-Apr-2018,1.00301606940367,0.890619063420892,4
16-Apr-2018,1.02226294495792,0.856835057901818,4
17-Apr-2018,1.01445550974626,1.05870298484558,4
18-Apr-2018,1.00823905337645,1.0825763262409,4
19-Apr-2018,1.0144911844472,1.00783591347614,4
20-Apr-2018,1.01853892598661,1.1058174446553,4
21-Apr-2018,1.00930999187606,0.878995857067948,4
22-Apr-2018,1.02284588469454,0.994086652253267,4
23-Apr-2018,1.00422590674768,0.913620460142206,4
24-Apr-2018,1.00773690671822,1.0439831696225,4
25-Apr-2018,1.01052749177595,1.05231204546441,4
26-Apr-2018,1.0058601554749,1.04646182569218,4
27-Apr-2018,1.00356954855013,0.885555390234999,4
28-Apr-2018,0.999970057532598,1.09825370386988,4
29-Apr-2018,1.00920073020076,1.1672986781802,4
30-Apr-2018,1.00035949826311,0.911225547223195,4
01-May-2018,0.994405339831552,1.1536255852389,5
02-May-2018,1.01774542778434,1.00756258116274,5
03-May-2018,1.00568034240212,1.01641187570695,5
04-May-2018,1.01248754745183,0.972796569632966,5
05-May-2018,1.00136413749671,1.03773450709632,5
06-May-2018,1.00379370917883,1.15805991345311,5
07-May-2018,1.0188668579948,0.852541577739682,5
08-May-2018,1.01071977273026,1.11663700786168,5
09-May-2018,1.01893405256455,1.06341419153746,5
10-May-2018,1.00392526577697,1.1513779287663,5
11-May-2018,0.997147868122335,0.789207262800122,5
12-May-2018,0.998644337068967,0.83222158401079,5
13-May-2018,1.01515691916072,0.983799808195145,5
14-May-2018,1.00810634010676,1.03306294118359,5
15-May-2018,0.996614863217838,0.974184112601964,5
16-May-2018,1.00989893549592,1.04771717952523,5
17-May-2018,1.00406798867634,1.14064788947499,5
18-May-2018,0.994360351187831,0.967196981157482,5
19-May-2018,0.997811928163483,0.990704091572741,5
20-May-2018,1.00810575260503,0.8621893791198,5
21-May-2018,0.997595283971375,1.02810245243325,5
22-May-2018,1.01137090388136,1.12107975389483,5
23-May-2018,1.00153002295825,1.06690328024812,5
24-May-2018,1.01483771931661,0.679891308809937,5
25-May-2018,1.01111403272709,1.12271584733936,5
26-May-2018,1.006380423084,1.01279809550136,5
27-May-2018,1.01055692799868,0.920363115063944,5
28-May-2018,1.00114991220377,0.834626528401098,5
29-May-2018,1.01757647230294,1.11337630367734,5
30-May-2018,0.993475568993797,0.92785920050625,5
31-May-2018,0.99774191939022,1.12824277233344,5
01-Jun-2018,0.999310961612594,0.977793966513712,6
02-Jun-2018,1.00045681965589,1.04603403979299,6
03-Jun-2018,1.0089449042811,1.12581338804291,6
04-Jun-2018,1.00080591119848,1.07563459322197,6
05-Jun-2018,1.00899980085219,0.996475530376712,6
06-Jun-2018,1.00251589766475,1.11576968335705,6
07-Jun-2018,0.993853634956921,0.865102814678366,6
08-Jun-2018,1.0072461692069,1.06366380771826,6
09-Jun-2018,1.0067354770801,0.884096136513587,6
10-Jun-2018,1.00366380566266,0.796675247574204,6
11-Jun-2018,0.998071718691574,0.903876808531597,6
12-Jun-2018,1.00312464243101,0.927256279668916,6
13-Jun-2018,1.01865589998993,0.987467192559136,6
14-Jun-2018,0.992786770976915,1.11145580380729,6
15-Jun-2018,0.998439805037996,0.965343418333114,6
16-Jun-2018,0.99734118619418,1.03867583963329,6
17-Jun-2018,1.01956580675694,1.33771940593778,6
18-Jun-2018,1.01150911887959,1.01732182831652,6
19-Jun-2018,1.00031031433153,0.912152564021294,6
20-Jun-2018,1.00352883558077,0.951925982966245,6
21-Jun-2018,0.983104476784103,1.0229285023394,6
22-Jun-2018,1.01485753830062,0.927351089338195,6
23-Jun-2018,1.00889259885384,1.10080469065671,6
24-Jun-2018,1.03308447046238,1.19563317796313,6
25-Jun-2018,1.01184656241818,0.959498070292003,6
26-Jun-2018,1.01245528028649,0.915230850422275,6
27-Jun-2018,1.00311748903749,0.993251205293258,6
28-Jun-2018,1.02954682994494,1.10688282655022,6
29-Jun-2018,1.01194398851712,0.901050309926032,6
30-Jun-2018,1.00619884073706,0.993730875314236,6
01-Jul-2018,1.0120321634742,0.902277146382398,7
02-Jul-2018,1.00997373972281,1.00039821439678,7
03-Jul-2018,1.02183414678696,0.850313678632733,7
04-Jul-2018,1.0353187677459,1.3476486589109,7
05-Jul-2018,1.02591518807587,1.15350847786992,7
06-Jul-2018,1.02012434593115,1.01251152922223,7
07-Jul-2018,1.01638287712425,1.02782896090014,7
08-Jul-2018,1.01440272828207,1.11034530229793,7
09-Jul-2018,1.01177711644899,0.964184507856349,7
10-Jul-2018,1.03755772496694,0.851119346640509,7
11-Jul-2018,1.04578447136958,0.829778919509176,7
12-Jul-2018,1.01493540252216,0.934206962740101,7
13-Jul-2018,1.02545506493182,0.792737119241725,7
14-Jul-2018,1.02263661980446,0.850820486504663,7
15-Jul-2018,1.00921539224331,0.864232281438526,7
16-Jul-2018,1.0260728900305,0.947378859339184,7
17-Jul-2018,1.02334990468791,0.887255103585718,7
18-Jul-2018,1.02419612749984,1.13490461189481,7
19-Jul-2018,1.03388057438936,0.77060464148474,7
20-Jul-2018,1.03940675012456,0.865031062097522,7
21-Jul-2018,1.02940576083281,1.32390742229057,7
22-Jul-2018,1.02838734765759,0.974984133182554,7
23-Jul-2018,1.02237306045619,1.27894483314168,7
24-Jul-2018,1.02534993046574,0.936340896091576,7
25-Jul-2018,1.02393459445404,0.892891707377401,7
26-Jul-2018,1.0142366649158,0.917779775566294,7
27-Jul-2018,1.02333984060701,0.863080278337835,7
28-Jul-2018,1.04075332193982,0.732182411855138,7
29-Jul-2018,1.06589290871758,0.691359431412625,7
30-Jul-2018,1.0282010054168,0.852664682580005,7
31-Jul-2018,1.01454031334314,0.74514062090929,7
01-Aug-2018,1.02468229480899,0.876334994711732,8
02-Aug-2018,1.03346689857581,0.960861904054718,8
03-Aug-2018,1.01337054325681,0.942671465787997,8
04-Aug-2018,1.01922394334166,1.00284215001263,8
05-Aug-2018,1.0329466327328,0.889026120020536,8
06-Aug-2018,1.0399285992749,0.922057191239228,8
07-Aug-2018,1.00446846092902,1.10666599585844,8
08-Aug-2018,1.00798535812941,0.937391945691827,8
09-Aug-2018,1.03896295849526,1.05936173792998,8
10-Aug-2018,1.0169432969553,1.11052876520162,8
11-Aug-2018,1.01841900428076,0.904030308758214,8
12-Aug-2018,1.04014198706871,0.989679555958539,8
13-Aug-2018,1.02035280270079,1.14905324223102,8
14-Aug-2018,1.0123731837145,0.887907051015819,8
15-Aug-2018,1.03515289421251,0.660165589713949,8
16-Aug-2018,1.01159075077436,1.02996644248753,8
17-Aug-2018,1.01489057348953,1.00953233883481,8
18-Aug-2018,1.07030893355963,1.15347363599993,8
19-Aug-2018,1.01993501208505,0.996217837717923,8
20-Aug-2018,1.01151921927201,0.840441644179924,8
21-Aug-2018,1.02900282732749,0.834782419032882,8
22-Aug-2018,1.00524715636944,0.836759240988685,8
23-Aug-2018,1.01424626112491,0.856766488383325,8
24-Aug-2018,1.02363398585587,0.874132107861085,8
25-Aug-2018,1.03767066320377,0.926613951150383,8
26-Aug-2018,1.0352523290059,0.994475140034585,8
27-Aug-2018,1.03486027327088,0.941707886791628,8
28-Aug-2018,1.01643149254041,1.13062036643654,8
29-Aug-2018,1.02313283274408,0.790368516986525,8
30-Aug-2018,1.02365344987136,0.938472003790072,8
31-Aug-2018,1.03221441158275,0.936337102409943,8
01-Sep-2018,1.04746741259134,0.777121901480463,9
02-Sep-2018,1.13570940065096,0.858017844128199,9
03-Sep-2018,1.08938213239208,0.960536177359319,9
04-Sep-2018,1.07152760833875,0.805192508414906,9
05-Sep-2018,1.02851395608846,0.887285946263399,9
06-Sep-2018,1.08249388921291,0.745657495437961,9
07-Sep-2018,1.02531677016921,0.848014863181531,9
08-Sep-2018,1.03644907013011,0.797070992549788,9
09-Sep-2018,1.01755296206468,0.929865550822935,9
10-Sep-2018,1.02053151384601,1.01548041778816,9
11-Sep-2018,1.01376099131778,1.26156623794862,9
12-Sep-2018,1.02937243302564,0.911612739402393,9
13-Sep-2018,1.02044282910848,0.960917990077555,9
14-Sep-2018,1.02432962151448,1.03787123972901,9
15-Sep-2018,1.00931624615447,1.25085758960426,9
16-Sep-2018,1.0134485194961,0.960539593887786,9
17-Sep-2018,1.01391044080967,0.974041433958693,9
18-Sep-2018,1.01901379140215,0.993290579714245,9
19-Sep-2018,1.01016564840324,0.8327035303702,9
20-Sep-2018,1.00695877853409,0.847418091839073,9
21-Sep-2018,1.01628958578251,1.02526892841833,9
22-Sep-2018,1.0128796519043,0.982617096233524,9
23-Sep-2018,1.00873045169039,1.07390880611744,9
24-Sep-2018,1.0083126381626,1.09555196984426,9
25-Sep-2018,1.01875425987693,0.865924630674491,9
26-Sep-2018,1.00750672794688,0.997645517868317,9
27-Sep-2018,1.01835355468452,1.26249023130705,9
28-Sep-2018,1.0235251413549,1.0824653030168,9
29-Sep-2018,1.01233155578588,0.998134416162646,9
30-Sep-2018,1.00854791930335,0.818714282959879,9
01-Oct-2018,1.00767606802243,0.981431673636079,10
02-Oct-2018,1.00259819832371,1.10151534297786,10
03-Oct-2018,1.02190655233964,1.1137160843812,10
04-Oct-2018,1.01537840612442,1.13367343289056,10
05-Oct-2018,1.03116561657361,0.722392612037581,10
06-Oct-2018,1.0179405774542,0.95050022355468,10
07-Oct-2018,1.0085995693098,0.995045246045292,10
08-Oct-2018,1.06884696846797,0.948197520243845,10
09-Oct-2018,1.0279606527513,0.918380393211977,10
10-Oct-2018,1.03343337687605,0.980095023278048,10
11-Oct-2018,1.03415927101071,1.0894321155427,10
12-Oct-2018,1.01404207843411,0.946280603054142,10
13-Oct-2018,1.02413885269443,1.0615828465178,10
14-Oct-2018,1.02339145475881,1.05749360540399,10
15-Oct-2018,1.02356259815748,0.800130908154081,10
16-Oct-2018,1.02592390067349,1.18820565420652,10
17-Oct-2018,1.05927011750081,1.08671622656653,10
18-Oct-2018,1.06847542729559,1.06829565252674,10
19-Oct-2018,1.02073903658004,0.87657678467943,10
20-Oct-2018,1.01125060339959,1.15346816181639,10
21-Oct-2018,1.02758058796941,0.921024109884148,10
22-Oct-2018,1.02165402542745,0.835922485034037,10
23-Oct-2018,1.04290716017071,1.08171272661733,10
24-Oct-2018,1.03327525066358,1.05230003630036,10
25-Oct-2018,1.03747660237711,0.825062497502977,10
26-Oct-2018,1.07539226446141,0.614397711593157,10
27-Oct-2018,1.0801233041925,1.20661212295931,10
28-Oct-2018,1.01491024352383,1.06958691149465,10
29-Oct-2018,1.01805998624616,0.845771324362356,10
30-Oct-2018,1.0263889181632,1.13317394144773,10
31-Oct-2018,1.04719534392043,0.978296635260539,10
01-Nov-2018,1.13015695115403,1.63356996860344,11
02-Nov-2018,1.04785922885302,0.919426442002715,11
03-Nov-2018,NaN,NaN,11
04-Nov-2018,NaN,NaN,11
05-Nov-2018,1.01781360515669,0.798693027303975,11
06-Nov-2018,1.02697553875167,0.952377071161095,11
07-Nov-2018,1.01748193095706,0.975150712487572,11
08-Nov-2018,1.01057195578504,0.986496072542076,11
09-Nov-2018,1.02117006973807,0.955923829183699,11
10-Nov-2018,1.02689013314561,0.992860028139461,11
11-Nov-2018,1.04994258271109,0.898185521969597,11
12-Nov-2018,1.05953290518437,1.08940777472474,11
13-Nov-2018,1.04757688613588,1.15967896636354,11
14-Nov-2018,1.01260637075128,0.964893464288261,11
15-Nov-2018,1.03205884830688,0.72076960132705,11
16-Nov-2018,1.09217152696034,0.942636092388951,11
17-Nov-2018,1.01501530956414,1.02426275918717,11
18-Nov-2018,1.01514231126435,0.931380360221816,11
19-Nov-2018,1.02484717181301,0.945070865635947,11
20-Nov-2018,1.01490042792628,0.863771172021788,11
21-Nov-2018,1.00051914047215,1.30090626439198,11
22-Nov-2018,0.991610652031833,0.868994509996907,11
23-Nov-2018,1.0021456309499,0.975535227604909,11
24-Nov-2018,1.00489937753102,1.07801485375489,11
25-Nov-2018,1.01573420796575,0.98188895025278,11
26-Nov-2018,1.01304524398028,0.885143317327092,11
27-Nov-2018,1.0185079291193,1.00182175388425,11
28-Nov-2018,1.02053603195758,1.07203228853459,11
29-Nov-2018,1.0259806100509,0.931106816490095,11
30-Nov-2018,1.00688053488708,1.01511614293357,11
01-Dec-2018,1.00534076135814,1.0944265318321,12
02-Dec-2018,1.02308099325484,0.829956302548151,12
03-Dec-2018,0.998576885998597,0.920842260001713,12
04-Dec-2018,1.01317695098222,0.91431009957279,12
05-Dec-2018,1.02384307825739,0.947005451785669,12
06-Dec-2018,1.00663912684511,0.991671048785976,12
07-Dec-2018,1.0101833883016,0.952474169437672,12
08-Dec-2018,1.00313314281572,0.944695745509308,12
09-Dec-2018,0.99754214954448,0.965006009406759,12
10-Dec-2018,1.01009996332206,0.972378877487357,12
11-Dec-2018,0.996081121784799,0.946250456088918,12
12-Dec-2018,1.0158728402621,0.771858238058666,12
13-Dec-2018,1.00678183999871,1.44899830775618,12
14-Dec-2018,1.00494635619516,1.15652203830229,12
15-Dec-2018,1.00880147160119,1.13078254546989,12
16-Dec-2018,1.00701615995234,1.13141782549838,12
17-Dec-2018,1.01548417670829,1.06814601269871,12
18-Dec-2018,1.00491978351866,0.86945636775577,12
19-Dec-2018,1.00710788441248,1.02652546015862,12
20-Dec-2018,1.01956850624654,1.10053891826224,12
21-Dec-2018,1.00229361960132,0.98107766988079,12
22-Dec-2018,1.00140914031709,1.10209155781758,12
23-Dec-2018,1.01099555917868,0.961904782610888,12
24-Dec-2018,1.00324513207924,1.11503035351067,12
25-Dec-2018,1.0018678993987,1.03005966960423,12
26-Dec-2018,1.01168273644734,0.889809219543831,12
27-Dec-2018,1.01066765476164,1.00121753929292,12
28-Dec-2018,1.00263500128624,1.09528857260947,12
29-Dec-2018,1.00616432214381,0.864569598247654,12
30-Dec-2018,0.998789075533449,0.934846222774256,12
31-Dec-2018,1.00740384901046,1.00230955964171,12
01-Jan-2019,1.00394310692801,1.08290209771306,1
02-Jan-2019,1.02169429873105,1.39012982916121,1
03-Jan-2019,1.00632202672714,0.835099968855973,1
04-Jan-2019,1.00107790856755,1.16649643518943,1
05-Jan-2019,1.01536058344774,0.804649634101621,1
06-Jan-2019,1.00477764154686,0.984331147793322,1
07-Jan-2019,1.01437196088984,0.879555487833556,1
08-Jan-2019,1.01135127443167,0.99456892160453,1
09-Jan-2019,1.00748453480062,0.823708147930461,1
10-Jan-2019,1.00830189001096,0.833501522203908,1
11-Jan-2019,1.01689285657515,0.927206106062024,1
12-Jan-2019,1.00724947902943,1.03195040583754,1
13-Jan-2019,0.997491289578791,0.831996512201654,1
14-Jan-2019,1.00387580942584,0.969618608187852,1
15-Jan-2019,1.00301403072355,1.06235910416512,1
16-Jan-2019,0.986794630983344,0.900299504066314,1
17-Jan-2019,0.998539540737781,1.04522026892099,1
18-Jan-2019,1.00693377266161,0.935472972208477,1
19-Jan-2019,1.01280524496643,1.0054037996208,1
20-Jan-2019,1.01340421489668,1.17186214255407,1
21-Jan-2019,1.00658342786335,0.976458479721154,1
22-Jan-2019,1.00972960157454,0.959918828717079,1
23-Jan-2019,1.01018817167271,0.973719547010626,1
24-Jan-2019,1.00066675642428,0.887545901023996,1
25-Jan-2019,0.996552952359711,1.00646834757157,1
26-Jan-2019,1.00881800046776,1.01415327147136,1
27-Jan-2019,1.01875568792215,1.05348086492048,1
28-Jan-2019,1.0051768143228,0.876305986580679,1
29-Jan-2019,1.00335727912912,1.03296842751061,1
30-Jan-2019,1.00630479816108,1.0613824939605,1
31-Jan-2019,1.00483320099212,1.05623374786535,1
01-Feb-2019,1.01020426189146,0.863832957174252,2
02-Feb-2019,0.997393618266478,0.836166689807529,2
03-Feb-2019,1.00726288470705,0.96195269866055,2
04-Feb-2019,1.0066570558928,0.984905655315929,2
05-Feb-2019,1.00171794190243,0.882839124167564,2
06-Feb-2019,1.00805944733129,0.895985249211044,2
07-Feb-2019,0.996322035753731,0.756690792022481,2
08-Feb-2019,0.990577230775838,1.09613770833207,2
09-Feb-2019,1.01688817743916,0.947080873489563,2
10-Feb-2019,1.0169409862868,1.20222388872634,2
11-Feb-2019,1.00001266241679,0.899994030208759,2
12-Feb-2019,1.00769153669285,0.94514909973897,2
13-Feb-2019,0.999644091929233,0.914336066836186,2
14-Feb-2019,1.01432964499084,1.0133111138432,2
15-Feb-2019,1.01148834959883,1.06651028705787,2
16-Feb-2019,1.00987366227975,1.10982556782138,2
17-Feb-2019,1.00360127924692,1.07813615127353,2
18-Feb-2019,1.00392473517021,1.0432352862175,2
19-Feb-2019,1.00747595531887,1.00379456229403,2
20-Feb-2019,1.00656491533282,0.928848527729003,2
21-Feb-2019,1.00301677976328,1.06248209659977,2
22-Feb-2019,1.01107341445792,0.784925838353693,2
23-Feb-2019,1.00665603182623,0.921810244817295,2
24-Feb-2019,0.994165830640078,1.17165303721317,2
25-Feb-2019,1.00450687887698,1.22222627977066,2
26-Feb-2019,0.999325337139088,0.94100467751292,2
27-Feb-2019,1.0052890738166,1.16454198634851,2
28-Feb-2019,0.993998218974971,1.13448446490728,2
01-Mar-2019,1.01951839691145,0.881362052862989,3
02-Mar-2019,1.01181651040315,1.10997832249371,3
03-Mar-2019,1.02140383418088,1.161491100587,3
04-Mar-2019,1.01410447405676,0.754140551697452,3
05-Mar-2019,0.998470326076726,1.07636669599945,3
06-Mar-2019,0.994110133676103,0.935810052509805,3
07-Mar-2019,1.01201737279523,0.8536425982181,3
08-Mar-2019,1.00321525586355,1.25145797129718,3
09-Mar-2019,1.00145358848401,1.03475761412494,3
10-Mar-2019,1.00257054663902,1.11779464700757,3
11-Mar-2019,0.991895107348159,0.756525383613127,3
12-Mar-2019,1.00267570634937,1.04859551760433,3
13-Mar-2019,0.988261011129345,0.967170616746932,3
14-Mar-2019,1.0095412707503,0.884232340808457,3
15-Mar-2019,1.00057766216814,0.98562500411406,3
16-Mar-2019,1.00835901488363,1.21409422752024,3
17-Mar-2019,0.996978605655176,1.08215304145589,3
18-Mar-2019,1.00017336555657,1.25587919475199,3
19-Mar-2019,1.00715793510326,1.00046918710315,3
20-Mar-2019,1.00451449495428,1.05788192190017,3
21-Mar-2019,1.00279423013953,0.785266385034711,3
22-Mar-2019,1.01478875901467,1.34559263314155,3
23-Mar-2019,1.00857708760072,0.964193710432932,3
24-Mar-2019,1.01620779991106,1.24714548916565,3
25-Mar-2019,1.00923220509011,1.17467021900906,3
26-Mar-2019,0.999377058103289,0.909522791864446,3
27-Mar-2019,0.992131712529759,1.29508564554946,3
28-Mar-2019,1.00020127885015,1.17536672354575,3
29-Mar-2019,1.01040091435903,0.901814713851997,3
30-Mar-2019,1.00437896508208,1.00680880546663,3
31-Mar-2019,0.994650907411605,1.30805056688645,3
01-Apr-2019,1.00890025231568,0.980406217102877,4
02-Apr-2019,1.00628967251333,0.883504843021344,4
03-Apr-2019,1.00150027157227,1.10920032030967,4
04-Apr-2019,1.01452637135179,1.05710773906267,4
05-Apr-2019,1.01637661322841,0.891636039294792,4
06-Apr-2019,0.991952894876955,1.65817823174351,4
07-Apr-2019,0.996913878439293,1.17754580369293,4
08-Apr-2019,0.990452327854779,0.865544561073784,4
09-Apr-2019,1.00014545018831,0.979835776310472,4
10-Apr-2019,1.0080595269049,1.05773570952607,4
11-Apr-2019,1.00786675224447,0.9407022195331,4
12-Apr-2019,0.998232466468591,1.16444572311562,4
13-Apr-2019,1.01649534034357,1.03770758807207,4
14-Apr-2019,1.00657023252808,1.01693725504848,4
15-Apr-2019,0.993337257856033,0.804776210709645,4
16-Apr-2019,1.01135996583619,1.03833730491516,4
17-Apr-2019,1.00115896728928,1.15119978368186,4
18-Apr-2019,0.987927375152841,0.968230579820015,4
19-Apr-2019,1.01518682629902,0.991226156337043,4
20-Apr-2019,1.00194589378858,0.882221386809218,4
21-Apr-2019,1.02485236304786,1.05389558801393,4
22-Apr-2019,1.00256259068724,1.08835733721181,4
23-Apr-2019,1.01100961710732,0.813865460124539,4
24-Apr-2019,1.02389390394913,1.08566713756672,4
25-Apr-2019,0.999699116679651,1.22577743077176,4
26-Apr-2019,1.0110862037421,0.916633488940824,4
27-Apr-2019,1.01207473722819,0.992613133968282,4
28-Apr-2019,0.995118574942633,1.06208703027918,4
29-Apr-2019,1.01827553261039,1.3762027287821,4
30-Apr-2019,1.01449595665483,0.990125716159388,4
01-May-2019,1.01453771315107,0.920006104019524,5
02-May-2019,1.01047993709535,0.890364240255423,5
03-May-2019,1.01322264689909,1.03771338129458,5
04-May-2019,1.00888486050978,0.867388732361215,5
05-May-2019,0.996077941270382,1.15133024735519,5
06-May-2019,0.990574580392388,1.03667690702128,5
07-May-2019,1.00510044128301,1.03861247817348,5
08-May-2019,1.00351870810845,1.01156033114534,5
09-May-2019,0.994647181744475,1.16748997551434,5
10-May-2019,0.988176748521541,1.19575609460056,5
11-May-2019,0.996114264845443,1.15826902488775,5
12-May-2019,0.986649433077068,1.17021260005827,5
13-May-2019,0.992810725766732,1.18980803607822,5
14-May-2019,1.00172888513033,0.899456924416353,5
15-May-2019,1.00589148069989,0.997927302420905,5
16-May-2019,1.01348823375776,1.01611116072098,5
17-May-2019,1.01150635948332,1.07603225877252,5
18-May-2019,1.01565644129248,0.831542429193303,5
19-May-2019,1.0093556213817,0.985523434922592,5
20-May-2019,1.00891701948574,1.03450637311358,5
21-May-2019,1.02291449014321,0.920382536938765,5
22-May-2019,1.00637103587015,0.986800014276636,5
23-May-2019,1.00984350785687,0.87826505729914,5
24-May-2019,1.01123178951537,0.84339736181022,5
25-May-2019,1.00007248477187,1.02888950507084,5
26-May-2019,1.00736348235187,1.25676062195152,5
27-May-2019,1.00930682873606,1.0298366797981,5
28-May-2019,0.995000076332465,0.800276394427841,5
29-May-2019,1.00749193897942,0.918585846142513,5
30-May-2019,1.00657912788434,1.08469699483964,5
31-May-2019,1.02531740934128,1.14196947610045,5
01-Jun-2019,1.00664313844178,1.15280034011244,6
02-Jun-2019,1.02003939802055,0.827660097893715,6
03-Jun-2019,1.00729821617548,1.17795830267633,6
04-Jun-2019,1.01419566008155,1.32830803930425,6
05-Jun-2019,1.008538546295,0.97717968432174,6
06-Jun-2019,1.01075268707504,1.01526282424119,6
07-Jun-2019,1.00833203589492,0.881398252572213,6
08-Jun-2019,0.993978467046974,0.880428856687916,6
09-Jun-2019,1.00319682551666,0.965507918535816,6
10-Jun-2019,0.988317011076969,1.16296453507517,6
11-Jun-2019,0.998698985842377,1.17336449878243,6
12-Jun-2019,1.00864996429687,0.971122869882136,6
13-Jun-2019,1.01067551968587,0.942804654476073,6
14-Jun-2019,1.01335443349282,1.26890290226243,6
15-Jun-2019,1.01852230118198,0.92592800852639,6
16-Jun-2019,1.00125626269669,1.12862304749543,6
17-Jun-2019,1.0429036083621,0.941935909645361,6
18-Jun-2019,0.995893481453729,1.18061125581736,6
19-Jun-2019,0.989863617366441,0.877724417794395,6
20-Jun-2019,1.02402153928995,0.968476599771286,6
21-Jun-2019,0.99758403408232,1.18962999000356,6
22-Jun-2019,1.01335706461186,0.795372250728723,6
23-Jun-2019,1.01516317009125,1.00051610446054,6
24-Jun-2019,1.01463126227723,1.06179786236742,6
25-Jun-2019,1.00996970542219,0.862175667798497,6
26-Jun-2019,1.01404024017159,1.17470121896732,6
27-Jun-2019,1.00498475480465,1.07010663490337,6
28-Jun-2019,0.989605975948613,0.683865751801466,6
29-Jun-2019,1.01565329873912,1.0326659676603,6
30-Jun-2019,1.02631900781414,0.910879465800258,6
01-Jul-2019,1.00175692714853,1.15972596153701,7
02-Jul-2019,1.00171086167923,1.05150369276526,7
03-Jul-2019,1.01492207440177,0.992146911067363,7
04-Jul-2019,1.01122005278893,0.841201706051996,7
05-Jul-2019,0.99680814007629,0.662108963603837,7
06-Jul-2019,1.00709326555157,0.92844647960851,7
07-Jul-2019,1.00514932099933,0.808945593579262,7
08-Jul-2019,1.02301974106381,0.908923216730654,7
09-Jul-2019,1.00535761260785,0.728113026600007,7
10-Jul-2019,1.04057761386179,0.850338214070733,7
11-Jul-2019,1.03079188421755,1.04598001513665,7
12-Jul-2019,1.00053971829607,1.00644725118058,7
13-Jul-2019,1.01372894078754,0.998056169772094,7
14-Jul-2019,1.00340280474741,0.963589222250607,7
15-Jul-2019,1.01652513468814,0.801504521600409,7
16-Jul-2019,1.01871982931569,1.0384475789703,7
17-Jul-2019,0.998648404370474,0.962596375993977,7
18-Jul-2019,1.01402351485032,1.00554747416469,7
19-Jul-2019,1.01633034240963,1.17653569671809,7
20-Jul-2019,1.0138668903776,0.934310230198517,7
21-Jul-2019,0.986799402007211,1.14387106420968,7
22-Jul-2019,0.998385714470172,0.794100813234958,7
23-Jul-2019,0.990253729535956,0.907094454176263,7
24-Jul-2019,1.00632048535988,1.03334506641374,7
25-Jul-2019,1.01145779466197,0.937141028932454,7
26-Jul-2019,1.02390461942143,0.980792480532263,7
27-Jul-2019,1.03490957651518,0.846021054306177,7
28-Jul-2019,1.05642400299953,0.981850098319941,7
29-Jul-2019,1.04675390249049,0.745817158304502,7
30-Jul-2019,1.01579711298974,0.965923503990518,7
31-Jul-2019,NaN,NaN,7
01-Aug-2019,NaN,NaN,8
02-Aug-2019,1.0299642365076,0.997550928762843,8
03-Aug-2019,1.02053384907588,1.11405031682558,8
04-Aug-2019,1.01773910307941,0.999850086910888,8
05-Aug-2019,1.0310231762707,0.739234355568019,8
06-Aug-2019,1.02523799773689,1.04659354484002,8
07-Aug-2019,1.013256332919,1.0823667181103,8
08-Aug-2019,1.01311409487506,0.979310576655758,8
09-Aug-2019,1.04365297022676,0.958481426782229,8
10-Aug-2019,1.02124558355936,0.884962218867465,8
11-Aug-2019,1.0288931033775,1.22931099199887,8
12-Aug-2019,0.99376467780635,0.930912261088124,8
13-Aug-2019,1.01762042208668,1.09631444639455,8
14-Aug-2019,1.00653550972651,1.08098766877654,8
15-Aug-2019,1.00641503114447,0.997830656507711,8
16-Aug-2019,1.00928473745932,0.886543061251816,8
17-Aug-2019,1.00674972590719,1.06143557334144,8
18-Aug-2019,1.01951648830527,0.832271196061477,8
19-Aug-2019,0.996227099788596,1.08202647398365,8
20-Aug-2019,0.99712344431015,0.88284461515071,8
21-Aug-2019,1.01312320932746,0.857568581022155,8
22-Aug-2019,0.985629791690604,1.37419244562312,8
23-Aug-2019,1.0057799619355,1.19133556179075,8
24-Aug-2019,1.00025721968875,0.862290245566997,8
25-Aug-2019,1.01748764561559,1.0322491330769,8
26-Aug-2019,1.00913289118507,1.03457802592177,8
27-Aug-2019,1.01660312399644,0.912700813526836,8
28-Aug-2019,1.02172298936684,1.2232070031747,8
29-Aug-2019,1.00801148835,0.882650516643051,8
30-Aug-2019,1.01698347722753,1.05468532934288,8
31-Aug-2019,1.00236219969646,0.627488456006856,8
01-Sep-2019,1.00488842096432,0.914562912935822,9
02-Sep-2019,1.02334587361758,1.31682064482578,9
03-Sep-2019,1.0172055942384,1.03976543320675,9
04-Sep-2019,0.991862258732322,0.810018384967803,9
05-Sep-2019,1.01413305691682,0.902131221293469,9
06-Sep-2019,0.98318195858441,0.578900892535556,9
07-Sep-2019,0.981798298224754,0.824710807398604,9
08-Sep-2019,1.01059476213687,0.926169868890751,9
09-Sep-2019,0.993720676751006,0.676952574901921,9
10-Sep-2019,1.00171760238364,0.79982705158303,9
11-Sep-2019,1.01040714227782,0.900667329199545,9
12-Sep-2019,1.01384994889713,1.3439416633298,9
13-Sep-2019,1.01673187477666,1.07732871737963,9
14-Sep-2019,1.01379307342121,1.12782514815784,9
15-Sep-2019,1.00554073522552,0.845504463003871,9
16-Sep-2019,1.01080105861814,0.868802706813503,9
17-Sep-2019,0.970362006861535,1.37872985439429,9
18-Sep-2019,1.0668682546517,0.753515276601286,9
19-Sep-2019,0.999373969599186,0.945737231645185,9
20-Sep-2019,1.00291528259178,1.00563855602911,9
21-Sep-2019,0.998377014813216,1.04731606384531,9
22-Sep-2019,0.999084321332668,0.986220090298226,9
23-Sep-2019,1.03098850582104,1.28013260445145,9
24-Sep-2019,0.998054281550864,0.8746358534859,9
25-Sep-2019,1.005655885605,0.915495403799327,9
26-Sep-2019,1.0150306099039,0.702283592057018,9
27-Sep-2019,1.01526116822947,0.984972373036909,9
28-Sep-2019,0.99725580008574,0.778974735666205,9
29-Sep-2019,1.01086639025003,0.932228070808857,9
30-Sep-2019,1.00908944019115,1.00742331218664,9
01-Oct-2019,1.00576708714884,1.071488922742,10
02-Oct-2019,1.01141117006891,1.08363263949255,10
03-Oct-2019,1.02065640249111,1.05779041787339,10
04-Oct-2019,1.00644755124375,1.01469356836264,10
05-Oct-2019,1.01686584017486,0.968851850304114,10
06-Oct-2019,1.01123772016473,1.17872862442863,10
07-Oct-2019,1.00363878481862,0.987033685047268,10
08-Oct-2019,1.00932316843963,0.835606406205605,10
09-Oct-2019,1.00750764990676,0.934819908692432,10
10-Oct-2019,0.995827381027735,1.15999397683063,10
11-Oct-2019,1.01269895848826,0.790538429659579,10
12-Oct-2019,0.999707567422138,1.44770154142775,10
13-Oct-2019,0.98238100709078,0.848695642738446,10
14-Oct-2019,1.0007102513393,0.851497035484328,10
15-Oct-2019,1.01471172716472,1.02505475104801,10
16-Oct-2019,1.02217378818953,0.809371548083375,10
17-Oct-2019,1.05433740819375,1.19906033376419,10
18-Oct-2019,1.02061319394044,0.897204108733705,10
19-Oct-2019,0.994486121747104,0.943194547345558,10
20-Oct-2019,1.01128373611738,0.943890936381842,10
21-Oct-2019,1.00025915446681,0.790855777511509,10
22-Oct-2019,1.0333708064574,0.670592794514876,10
23-Oct-2019,1.01542702711153,0.93843800395621,10
24-Oct-2019,1.00854744861874,0.92222044148349,10
25-Oct-2019,1.00649417031414,0.894102949133607,10
26-Oct-2019,0.99963490241108,0.874993161441142,10
27-Oct-2019,1.02486960681119,1.26764647267384,10
28-Oct-2019,1.01412239195373,0.94676520822501,10
29-Oct-2019,1.02076796093186,0.766152766260445,10
30-Oct-2019,1.01181380533076,0.89995635132011,10
31-Oct-2019,0.994671032163076,1.06781993529788,10
01-Nov-2019,0.996244403932664,1.00175847728639,11
02-Nov-2019,1.00847015290496,1.1432833302651,11
03-Nov-2019,1.02434373890925,1.19034705419502,11
04-Nov-2019,0.997061384407526,0.699329096879208,11
05-Nov-2019,0.983519617746822,1.22341760653921,11
06-Nov-2019,0.987172562388441,0.853429658292518,11
07-Nov-2019,1.01047898805001,0.961061021027481,11
08-Nov-2019,0.998348173857641,0.929421946142178,11
09-Nov-2019,1.02224218823512,1.1823110693381,11
10-Nov-2019,1.00873896619032,0.993182092596187,11
11-Nov-2019,0.997681606924299,0.723809134337009,11
12-Nov-2019,1.01852280570588,1.06314885969002,11
13-Nov-2019,1.01571014584054,1.01409462884885,11
14-Nov-2019,0.998201384213884,0.948250748517025,11
15-Nov-2019,0.988634984182844,1.39098754295327,11
16-Nov-2019,1.02910807059235,0.782564836313722,11
17-Nov-2019,1.01244489279266,1.00076236039898,11
18-Nov-2019,1.13502977853652,1.1976848928446,11
19-Nov-2019,1.0928566763484,1.27566903668238,11
20-Nov-2019,1.02076522891198,0.87789483015858,11
21-Nov-2019,1.02635135455445,1.04654035729783,11
22-Nov-2019,1.00771979400714,1.00037858668304,11
23-Nov-2019,1.00438984841632,0.974846755671089,11
24-Nov-2019,1.0210601250277,0.922419726620584,11
25-Nov-2019,1.00820122420603,1.05677312349146,11
26-Nov-2019,1.00810974495199,0.962804867903972,11
27-Nov-2019,1.00557925220041,0.940871065864247,11
28-Nov-2019,1.00204224146181,1.01898584265719,11
29-Nov-2019,1.01767688028768,0.94684825948148,11
30-Nov-2019,1.00700477958198,1.02977825321231,11
01-Dec-2019,0.987782387253542,0.844129893663164,12
02-Dec-2019,1.0002458808273,0.975524593060846,12
03-Dec-2019,1.01169428576413,1.04498125196121,12
04-Dec-2019,1.05044858132325,0.878225603317171,12
05-Dec-2019,1.00103511223362,0.869866204669993,12
06-Dec-2019,1.02540168570158,0.811649324333078,12
07-Dec-2019,1.01029309811091,0.945900414814925,12
08-Dec-2019,1.00069809672265,1.06427204948949,12
09-Dec-2019,1.00358834920552,1.10278523621488,12
10-Dec-2019,1.05618518722811,0.47022179897645,12
11-Dec-2019,1.07017329484135,1.79609512120398,12
12-Dec-2019,1.02180072646495,1.23243159701842,12
13-Dec-2019,0.999188180030575,1.01824176165468,12
14-Dec-2019,0.98823869475524,1.45462653786138,12
15-Dec-2019,1.01623378450393,0.975148437117896,12
16-Dec-2019,1.00449540193923,0.855027996224896,12
17-Dec-2019,0.98932923707114,1.161309892951,12
18-Dec-2019,1.03731559612766,0.622373772719972,12
19-Dec-2019,1.01342535605604,1.00611579498238,12
20-Dec-2019,0.917210084318287,0,12
21-Dec-2019,1.00217798246141,0.767283840513313,12
22-Dec-2019,1.07973960811056,0.913341076055509,12
23-Dec-2019,1.09089191326786,1.36112773527073,12
24-Dec-2019,1.02863693908544,0.851193819134611,12
25-Dec-2019,1.02958469999406,1.06728898072549,12
26-Dec-2019,1.02320817623889,0.995671556753741,12
27-Dec-2019,1.03448274200973,1.13020405148699,12
28-Dec-2019,0.963721922901927,0.81273669653654,12
29-Dec-2019,0.996352111772816,1.0516004396896,12
30-Dec-2019,0.995476882583734,0.771337419294584,12
31-Dec-2019,0.988581055019724,0.965317444195811,12
01-Jan-2020,0.992344615619746,0.966005726257636,1
02-Jan-2020,0.979970789827514,0.999386948082218,1
03-Jan-2020,1.00110498860686,0.86077918503463,1
04-Jan-2020,0.969294427362045,1.29302473514115,1
05-Jan-2020,0.965939544732826,1.04299910096318,1
06-Jan-2020,0.986419301504457,0.936973229996308,1
07-Jan-2020,0.981109879720822,1.06542070421607,1
08-Jan-2020,1.01754484260385,1.06613523874596,1
09-Jan-2020,0.951896688514281,1.05563479037042,1
10-Jan-2020,0.962194134523201,0.817709798189341,1
11-Jan-2020,0.979096540407888,0.823112789771358,1
12-Jan-2020,0.986736934903497,0.993670116524192,1
13-Jan-2020,0.983396884382015,0.982182083426602,1
14-Jan-2020,0.979814917649429,0.814283826318059,1
15-Jan-2020,0.985661632922427,1.11712976204906,1
16-Jan-2020,0.978603692640817,0.863445356488451,1
17-Jan-2020,NaN,NaN,1
